case_id,matter_id,case_type,case_complexity,legal_cost,case_outcome,settlement_amount
C-3000,M-1636,Regulatory,High,48960,Lost,0.0
C-3001,M-3052,Employment,High,120000,Won,0.0
C-3002,M-1123,Commercial,High,72960,Lost,0.0
C-3003,M-3474,Employment,Medium,55200,Settled,26331.57
C-3004,M-3209,IP,Medium,65520,Lost,0.0
C-3005,M-1656,Employment,Medium,64560,Lost,0.0
C-3006,M-1096,IP,High,79680,Lost,0.0
C-3007,M-1722,Commercial,High,166080,Won,0.0
C-3008,M-1329,Commercial,Low,44040,Settled,14596.61
C-3009,M-2621,IP,Medium,37440,Settled,22140.14
C-3010,M-2450,Commercial,Medium,55920,Settled,31456.77
C-3011,M-3389,IP,Low,44040,Won,0.0
C-3012,M-1782,Employment,Low,14400,Settled,8523.15
C-3013,M-3193,IP,Medium,73440,Won,0.0
C-3014,M-2726,Commercial,High,178560,Lost,0.0
C-3015,M-1919,Commercial,High,71520,Lost,0.0
C-3016,M-3568,Commercial,Medium,48480,Settled,22459.37
C-3017,M-3883,Employment,Low,40920,Lost,0.0
C-3018,M-3458,Commercial,High,60960,Lost,0.0
C-3019,M-2406,Regulatory,Low,25800,Settled,9477.99
C-3020,M-1161,Regulatory,High,61440,Won,0.0
C-3021,M-1887,Regulatory,Low,35040,Settled,16674.36
C-3022,M-3134,Regulatory,High,61440,Won,0.0
C-3023,M-2046,IP,High,82560,Lost,0.0
C-3024,M-3131,Employment,High,68160,Lost,0.0
C-3025,M-3678,Employment,High,59520,Settled,35416.4
C-3026,M-2835,Employment,High,82560,Lost,0.0
C-3027,M-2813,Employment,High,85440,Won,0.0
C-3028,M-2870,IP,Low,34080,Won,0.0
C-3029,M-2470,IP,Medium,91440,Lost,0.0
C-3030,M-1642,Employment,Medium,30240,Won,0.0
C-3031,M-1349,IP,Low,30000,Settled,13373.72
C-3032,M-3434,Commercial,High,74880,Settled,49904.86
C-3033,M-2158,IP,Low,26520,Lost,0.0
C-3034,M-2506,Commercial,Low,43200,Won,0.0
C-3035,M-3745,Commercial,High,66240,Settled,40533.43
C-3036,M-3829,Employment,Low,23400,Settled,15530.56
C-3037,M-1373,Commercial,Low,18120,Settled,10792.96
C-3038,M-2911,Employment,Medium,35280,Lost,0.0
C-3039,M-2261,Commercial,High,187200,Won,0.0
C-3040,M-3633,Employment,High,183840,Lost,0.0
C-3041,M-1190,Regulatory,Low,38760,Won,0.0
C-3042,M-1039,IP,Low,20760,Settled,7957.14
C-3043,M-1791,Regulatory,Low,47400,Lost,0.0
C-3044,M-1748,IP,Medium,86160,Lost,0.0
C-3045,M-3001,Regulatory,High,72480,Settled,42266.94
C-3046,M-2319,Employment,Low,17160,Won,0.0
C-3047,M-2981,Regulatory,Medium,47040,Settled,29870.89
C-3048,M-1270,IP,Medium,53520,Lost,0.0
C-3049,M-2035,Regulatory,Low,41160,Lost,0.0
C-3050,M-3946,Commercial,Medium,49200,Won,0.0
C-3051,M-3631,Commercial,Low,37560,Settled,13764.0
C-3052,M-1771,Employment,Medium,52320,Settled,32808.46
C-3053,M-2647,Employment,Low,41040,Settled,14679.78
C-3054,M-3173,IP,Medium,47520,Settled,33049.78
C-3055,M-3807,Regulatory,High,172800,Won,0.0
C-3056,M-1364,IP,Low,24480,Lost,0.0
C-3057,M-2562,Regulatory,High,110400,Won,0.0
C-3058,M-2912,Employment,Medium,83760,Lost,0.0
C-3059,M-1460,Regulatory,Low,30840,Lost,0.0
C-3060,M-3873,Employment,Medium,74880,Settled,36143.51
C-3061,M-3290,Regulatory,Low,42720,Won,0.0
C-3062,M-3195,Employment,Low,14040,Won,0.0
C-3063,M-3693,Regulatory,Medium,85200,Settled,40362.49
C-3064,M-2149,IP,Low,16440,Lost,0.0
C-3065,M-3699,Commercial,High,149280,Won,0.0
C-3066,M-1899,Regulatory,Medium,50160,Settled,22063.1
C-3067,M-3598,Employment,High,68640,Settled,39531.2
C-3068,M-1884,Employment,Low,27000,Settled,9724.79
C-3069,M-3872,Regulatory,Low,31200,Won,0.0
C-3070,M-3135,Commercial,High,98880,Settled,33782.36
C-3071,M-3758,Employment,Medium,66000,Lost,0.0
C-3072,M-1196,Regulatory,High,173760,Won,0.0
C-3073,M-3674,IP,Low,26640,Won,0.0
C-3074,M-1201,Commercial,Low,25320,Lost,0.0
C-3075,M-3260,Commercial,Low,44040,Settled,14929.33
C-3076,M-2763,IP,High,70560,Lost,0.0
C-3077,M-1935,Employment,Medium,47280,Lost,0.0
C-3078,M-2393,Regulatory,Medium,74160,Won,0.0
C-3079,M-3316,Employment,High,64320,Lost,0.0
C-3080,M-3710,Regulatory,Low,24480,Settled,15322.72
C-3081,M-1812,Employment,Medium,61200,Settled,40610.62
C-3082,M-1178,Regulatory,Medium,66960,Won,0.0
C-3083,M-3145,Commercial,Low,47880,Settled,17113.94
C-3084,M-3143,IP,High,126240,Settled,70251.62
C-3085,M-1440,Employment,Medium,39840,Lost,0.0
C-3086,M-1390,Regulatory,Medium,37200,Won,0.0
C-3087,M-2696,Regulatory,Medium,45840,Settled,21270.89
C-3088,M-3912,IP,Low,21480,Settled,13193.79
C-3089,M-1906,Regulatory,Low,23160,Settled,7954.54
C-3090,M-1851,Commercial,Low,35160,Lost,0.0
C-3091,M-3164,Employment,Medium,70560,Settled,32009.4
C-3092,M-2996,Commercial,High,71040,Lost,0.0
C-3093,M-2585,Employment,Medium,65760,Settled,40446.59
C-3094,M-2605,Employment,Medium,39600,Lost,0.0
C-3095,M-3902,IP,Low,26280,Lost,0.0
C-3096,M-2892,IP,Low,31320,Lost,0.0
C-3097,M-3143,Regulatory,High,190080,Lost,0.0
C-3098,M-2362,Employment,Medium,38400,Won,0.0
C-3099,M-3205,Regulatory,High,115200,Lost,0.0
C-3100,M-2655,Employment,Medium,28560,Settled,9553.82
C-3101,M-1761,Employment,Medium,26640,Lost,0.0
C-3102,M-1436,IP,Medium,59040,Settled,23002.98
C-3103,M-3533,Regulatory,Medium,62880,Lost,0.0
C-3104,M-3835,IP,Medium,61680,Settled,41665.46
C-3105,M-1114,Regulatory,High,85920,Lost,0.0
C-3106,M-1065,Regulatory,Low,44520,Lost,0.0
C-3107,M-3249,IP,Low,16920,Lost,0.0
C-3108,M-3150,Employment,Medium,69840,Won,0.0
C-3109,M-3633,Commercial,Medium,89280,Settled,58077.08
C-3110,M-3716,Commercial,High,122880,Lost,0.0
C-3111,M-1619,Regulatory,Low,23040,Lost,0.0
C-3112,M-2585,Employment,High,153600,Won,0.0
C-3113,M-3390,IP,Low,16200,Won,0.0
C-3114,M-3400,Commercial,High,153120,Lost,0.0
C-3115,M-1279,IP,High,110880,Lost,0.0
C-3116,M-1981,IP,Medium,50400,Won,0.0
C-3117,M-1529,Employment,Medium,77040,Won,0.0
C-3118,M-1784,Employment,Medium,93360,Settled,46727.42
C-3119,M-1809,Commercial,Medium,42960,Settled,28195.91
C-3120,M-1988,IP,Low,37080,Settled,17259.62
C-3121,M-3711,Regulatory,Low,37080,Lost,0.0
C-3122,M-2291,IP,High,182400,Settled,103863.96
C-3123,M-2896,Employment,Low,14160,Won,0.0
C-3124,M-3729,IP,High,142560,Won,0.0
C-3125,M-2026,Commercial,Medium,83520,Settled,46217.93
C-3126,M-1928,Commercial,High,101280,Won,0.0
C-3127,M-3797,Employment,High,83040,Won,0.0
C-3128,M-1082,Regulatory,High,143520,Lost,0.0
C-3129,M-2738,Commercial,Low,41520,Lost,0.0
C-3130,M-2135,IP,Low,16800,Won,0.0
C-3131,M-1615,Regulatory,High,144960,Lost,0.0
C-3132,M-2879,Employment,Medium,38880,Won,0.0
C-3133,M-3060,Employment,Medium,47040,Settled,20220.94
C-3134,M-1640,Commercial,High,70560,Lost,0.0
C-3135,M-3168,Regulatory,High,82080,Settled,34650.52
C-3136,M-2148,Commercial,Low,13200,Won,0.0
C-3137,M-3187,Regulatory,Medium,34560,Lost,0.0
C-3138,M-1224,Regulatory,Medium,37680,Lost,0.0
C-3139,M-1350,Employment,High,147360,Settled,77570.77
C-3140,M-2559,Regulatory,Low,30240,Lost,0.0
C-3141,M-2049,IP,Medium,81360,Settled,36312.52
C-3142,M-3067,IP,Low,17040,Settled,10014.71
C-3143,M-1028,Regulatory,High,190560,Settled,109809.89
C-3144,M-2920,Commercial,High,151200,Settled,74111.7
C-3145,M-3290,Employment,High,71520,Lost,0.0
C-3146,M-1910,Regulatory,Medium,40320,Won,0.0
C-3147,M-3573,Regulatory,High,99360,Settled,65734.58
C-3148,M-3562,Commercial,Low,47760,Won,0.0
C-3149,M-3445,Commercial,High,108000,Settled,40998.42
C-3150,M-1145,Regulatory,Medium,32160,Won,0.0
C-3151,M-3015,Commercial,Medium,28320,Lost,0.0
C-3152,M-3417,Commercial,Medium,74880,Settled,27718.07
C-3153,M-1121,Commercial,High,96000,Settled,35577.13
C-3154,M-3188,Commercial,Medium,49200,Won,0.0
C-3155,M-1580,Commercial,Medium,89520,Won,0.0
C-3156,M-1053,Employment,Medium,45840,Lost,0.0
C-3157,M-3732,Employment,Medium,51600,Won,0.0
C-3158,M-2376,Commercial,Low,35520,Lost,0.0
C-3159,M-2012,Commercial,High,151200,Settled,98483.45
C-3160,M-1339,Commercial,High,81120,Won,0.0
C-3161,M-3508,Regulatory,Low,36480,Settled,13435.59
C-3162,M-1017,Regulatory,Medium,73920,Won,0.0
C-3163,M-2154,Commercial,High,123360,Settled,65867.2
C-3164,M-3265,Regulatory,Low,46200,Won,0.0
C-3165,M-1400,IP,Low,35280,Lost,0.0
C-3166,M-3943,Commercial,Medium,36240,Lost,0.0
C-3167,M-2638,IP,Low,16320,Settled,7093.27
C-3168,M-2316,Regulatory,Low,23520,Lost,0.0
C-3169,M-3267,Regulatory,Low,46320,Settled,22563.83
C-3170,M-2655,IP,Low,44640,Settled,15570.99
C-3171,M-1079,Commercial,Low,43080,Lost,0.0
C-3172,M-3610,IP,Low,43560,Settled,21882.4
C-3173,M-3184,Commercial,Low,12000,Lost,0.0
C-3174,M-1782,Employment,Medium,49440,Settled,17408.57
C-3175,M-1611,Employment,Medium,64080,Settled,26828.15
C-3176,M-1448,Employment,High,53280,Lost,0.0
C-3177,M-3063,Regulatory,High,149760,Lost,0.0
C-3178,M-1382,Regulatory,Medium,25440,Won,0.0
C-3179,M-1586,Commercial,Low,41880,Won,0.0
C-3180,M-1174,Regulatory,Medium,45840,Settled,20248.49
C-3181,M-1448,IP,Low,31560,Won,0.0
C-3182,M-3517,IP,Medium,81600,Lost,0.0
C-3183,M-1064,Commercial,Low,28080,Lost,0.0
C-3184,M-1446,Employment,Medium,56160,Settled,24718.32
C-3185,M-3369,Employment,High,97920,Won,0.0
C-3186,M-3921,Employment,Medium,80400,Settled,56136.08
C-3187,M-3568,Employment,Low,42600,Won,0.0
C-3188,M-1696,Regulatory,High,165120,Settled,83122.46
C-3189,M-2363,Employment,Low,30120,Settled,9100.2
C-3190,M-3475,Commercial,High,159360,Lost,0.0
C-3191,M-3100,Commercial,Medium,31200,Lost,0.0
C-3192,M-1253,Employment,High,127680,Settled,51764.82
C-3193,M-2513,Employment,High,86880,Lost,0.0
C-3194,M-2949,Commercial,Low,45720,Lost,0.0
C-3195,M-2814,Employment,High,97920,Won,0.0
C-3196,M-1950,Regulatory,Low,37440,Won,0.0
C-3197,M-1929,Regulatory,High,66720,Settled,36177.23
C-3198,M-3817,Employment,Medium,73440,Lost,0.0
C-3199,M-1948,Commercial,Low,41040,Won,0.0
C-3200,M-1546,IP,High,102240,Settled,54948.35
C-3201,M-3153,Commercial,High,55680,Settled,33167.12
C-3202,M-3392,Regulatory,High,181920,Settled,70780.0
C-3203,M-2334,IP,Medium,86880,Lost,0.0
C-3204,M-1912,Regulatory,High,57600,Won,0.0
C-3205,M-2557,Employment,High,97920,Won,0.0
C-3206,M-2875,IP,Low,22440,Lost,0.0
C-3207,M-2860,IP,Low,42360,Lost,0.0
C-3208,M-3612,Commercial,Medium,34800,Settled,22208.0
C-3209,M-1667,Regulatory,Low,36000,Settled,22011.98
C-3210,M-1335,Regulatory,Low,16080,Lost,0.0
C-3211,M-2918,Commercial,Low,37560,Won,0.0
C-3212,M-3610,IP,Low,33840,Lost,0.0
C-3213,M-2551,Employment,Medium,26640,Lost,0.0
C-3214,M-1204,Employment,Low,21480,Won,0.0
C-3215,M-2437,Commercial,Low,39000,Settled,24202.83
C-3216,M-3326,Regulatory,High,141600,Lost,0.0
C-3217,M-2777,Regulatory,High,82560,Lost,0.0
C-3218,M-3663,IP,High,132960,Won,0.0
C-3219,M-3853,Commercial,Low,25560,Settled,12501.33
C-3220,M-1772,Commercial,Low,42840,Lost,0.0
C-3221,M-1554,IP,High,97920,Lost,0.0
C-3222,M-3937,Regulatory,Medium,50880,Lost,0.0
C-3223,M-3007,Regulatory,Medium,42960,Won,0.0
C-3224,M-3904,Employment,Low,38400,Won,0.0
C-3225,M-3501,IP,Medium,60720,Won,0.0
C-3226,M-2335,Employment,Medium,82560,Lost,0.0
C-3227,M-2423,Employment,Low,33000,Lost,0.0
C-3228,M-2348,Employment,High,91680,Won,0.0
C-3229,M-1735,Regulatory,Low,27840,Settled,10636.02
C-3230,M-3326,Regulatory,Low,38520,Lost,0.0
C-3231,M-2299,Employment,High,137280,Lost,0.0
C-3232,M-2225,IP,High,52320,Settled,23717.3
C-3233,M-2022,IP,Medium,43440,Won,0.0
C-3234,M-1857,Regulatory,Medium,34320,Won,0.0
C-3235,M-2919,Employment,High,91680,Won,0.0
C-3236,M-2238,Employment,Medium,81600,Settled,34683.91
C-3237,M-1546,IP,Medium,27840,Settled,12450.7
C-3238,M-2007,Commercial,Medium,68880,Settled,47199.94
C-3239,M-2512,Commercial,Medium,35040,Lost,0.0
C-3240,M-2460,IP,Medium,53520,Won,0.0
C-3241,M-2788,IP,Low,35160,Settled,15363.56
C-3242,M-3006,Regulatory,Medium,27360,Lost,0.0
C-3243,M-1138,Commercial,Low,14640,Lost,0.0
C-3244,M-2294,IP,Low,20880,Settled,9207.99
C-3245,M-3921,Regulatory,Medium,27600,Lost,0.0
C-3246,M-2588,Commercial,Low,30720,Lost,0.0
C-3247,M-3174,Regulatory,Medium,56400,Lost,0.0
C-3248,M-3587,IP,Low,15840,Settled,5337.05
C-3249,M-3424,Employment,Medium,59280,Settled,29442.13
C-3250,M-3254,IP,High,115680,Lost,0.0
C-3251,M-3755,Commercial,High,192000,Lost,0.0
C-3252,M-2523,Commercial,Low,37080,Lost,0.0
C-3253,M-1218,IP,High,190560,Won,0.0
C-3254,M-1373,Commercial,Low,40320,Lost,0.0
C-3255,M-1867,Commercial,Medium,31680,Lost,0.0
C-3256,M-3787,IP,High,49440,Settled,25554.62
C-3257,M-2866,Regulatory,Low,14280,Lost,0.0
C-3258,M-3648,Employment,High,131520,Settled,46646.6
C-3259,M-2248,Regulatory,Medium,55680,Lost,0.0
C-3260,M-1707,Regulatory,High,113760,Lost,0.0
C-3261,M-3656,Commercial,Low,27960,Settled,9816.96
C-3262,M-3447,Commercial,Low,21360,Lost,0.0
C-3263,M-1121,Regulatory,Low,42600,Lost,0.0
C-3264,M-2792,IP,Low,17640,Settled,10144.57
C-3265,M-3363,Regulatory,Medium,80400,Won,0.0
C-3266,M-2054,Regulatory,Low,14760,Settled,9009.85
C-3267,M-3762,Commercial,Medium,83760,Settled,40770.7
C-3268,M-2947,Employment,Low,14280,Won,0.0
C-3269,M-1377,Commercial,Medium,83520,Settled,54517.05
C-3270,M-1784,Employment,High,112320,Won,0.0
C-3271,M-3594,Employment,Low,25320,Lost,0.0
C-3272,M-3078,Commercial,High,65760,Lost,0.0
C-3273,M-1889,Employment,High,163680,Settled,91440.01
C-3274,M-2565,Regulatory,Low,37440,Settled,15692.4
C-3275,M-2927,Commercial,Medium,91680,Lost,0.0
C-3276,M-3315,Commercial,Medium,56400,Settled,38725.28
C-3277,M-3071,Employment,High,71040,Lost,0.0
C-3278,M-2534,Commercial,Medium,63600,Settled,42248.16
C-3279,M-3042,Regulatory,Low,47160,Settled,31211.65
C-3280,M-3610,IP,High,155040,Settled,107342.98
C-3281,M-1460,Employment,High,134880,Won,0.0
C-3282,M-2902,IP,Medium,88080,Won,0.0
C-3283,M-2325,Regulatory,High,53280,Settled,31328.27
C-3284,M-2252,Employment,Low,47640,Won,0.0
C-3285,M-2487,Employment,Low,38280,Settled,19262.41
C-3286,M-3527,Employment,Low,21600,Settled,13020.3
C-3287,M-3891,Regulatory,Medium,38640,Settled,14604.73
C-3288,M-1763,Regulatory,Low,27960,Lost,0.0
C-3289,M-1122,Commercial,High,49440,Won,0.0
C-3290,M-3950,Regulatory,High,51840,Lost,0.0
C-3291,M-1018,Employment,High,144960,Settled,67161.57
C-3292,M-1149,Regulatory,High,104160,Lost,0.0
C-3293,M-3623,IP,Low,42240,Won,0.0
C-3294,M-1942,Commercial,High,168960,Won,0.0
C-3295,M-1684,Regulatory,Medium,92160,Lost,0.0
C-3296,M-2900,IP,Medium,59280,Lost,0.0
C-3297,M-1782,Commercial,High,76320,Won,0.0
C-3298,M-1987,Employment,High,78720,Settled,30450.65
C-3299,M-3541,Employment,Low,46320,Won,0.0
C-3300,M-1575,IP,High,168960,Won,0.0
C-3301,M-2032,Employment,Low,24600,Won,0.0
C-3302,M-2858,Regulatory,Medium,65040,Won,0.0
C-3303,M-1787,Commercial,Low,24240,Lost,0.0
C-3304,M-3321,Commercial,Low,34560,Won,0.0
C-3305,M-2796,Regulatory,Low,15720,Won,0.0
C-3306,M-3736,Employment,Low,19440,Settled,10052.57
C-3307,M-2737,Commercial,Low,28320,Won,0.0
C-3308,M-2787,Regulatory,Medium,71040,Settled,30592.39
C-3309,M-2850,Employment,Low,27480,Settled,15617.27
C-3310,M-3138,Commercial,High,72480,Won,0.0
C-3311,M-3474,Regulatory,Low,38760,Lost,0.0
C-3312,M-1839,IP,High,91680,Settled,29151.62
C-3313,M-2102,Commercial,High,110880,Settled,73973.65
C-3314,M-2531,Commercial,Medium,81360,Won,0.0
C-3315,M-2346,Employment,Low,21840,Lost,0.0
C-3316,M-2414,Regulatory,Low,27720,Lost,0.0
C-3317,M-1234,Employment,Low,44280,Won,0.0
C-3318,M-2339,Commercial,Low,36720,Lost,0.0
C-3319,M-3092,IP,High,99840,Won,0.0
C-3320,M-1557,Regulatory,High,84000,Settled,54278.96
C-3321,M-2058,Commercial,Medium,27600,Won,0.0
C-3322,M-1904,Commercial,Low,32760,Settled,20688.74
C-3323,M-3605,IP,Low,34680,Settled,21950.23
C-3324,M-3485,IP,High,104640,Lost,0.0
C-3325,M-1796,Commercial,Medium,44160,Lost,0.0
C-3326,M-2275,Commercial,Medium,78240,Won,0.0
C-3327,M-1114,IP,High,115200,Won,0.0
C-3328,M-2820,IP,Low,40680,Lost,0.0
C-3329,M-1531,Commercial,Low,22680,Settled,6860.49
C-3330,M-1869,IP,High,150240,Settled,53534.44
C-3331,M-1831,Regulatory,Low,41640,Won,0.0
C-3332,M-1993,Regulatory,High,113280,Settled,38039.85
C-3333,M-1210,Regulatory,Low,42720,Settled,21713.58
C-3334,M-3056,IP,High,158400,Lost,0.0
C-3335,M-3533,Regulatory,Low,25800,Settled,18045.21
C-3336,M-1230,Regulatory,High,69600,Lost,0.0
C-3337,M-2900,IP,High,173760,Settled,62758.14
C-3338,M-2460,Regulatory,Low,40320,Won,0.0
C-3339,M-1546,IP,Medium,87600,Settled,47940.84
C-3340,M-1773,Regulatory,High,136800,Lost,0.0
C-3341,M-2043,Commercial,Low,30480,Won,0.0
C-3342,M-2108,Commercial,Low,35520,Won,0.0
C-3343,M-2151,Commercial,Low,40680,Settled,13897.29
C-3344,M-3438,Commercial,High,102240,Settled,69532.21
C-3345,M-3788,Regulatory,Medium,70560,Lost,0.0
C-3346,M-3653,Commercial,Low,36960,Lost,0.0
C-3347,M-1938,Regulatory,Medium,27120,Won,0.0
C-3348,M-2235,Regulatory,Medium,52320,Won,0.0
C-3349,M-2212,Employment,Medium,32640,Lost,0.0
C-3350,M-1239,Employment,Medium,44160,Won,0.0
C-3351,M-2895,Employment,Low,42720,Settled,21080.19
C-3352,M-1843,Employment,Medium,79680,Lost,0.0
C-3353,M-3855,Commercial,Low,48000,Won,0.0
C-3354,M-3895,Regulatory,High,154080,Settled,62339.09
C-3355,M-1956,Employment,Medium,33600,Won,0.0
C-3356,M-2086,Commercial,Low,22680,Lost,0.0
C-3357,M-3212,Commercial,Medium,30480,Settled,12210.95
C-3358,M-2509,IP,High,96960,Lost,0.0
C-3359,M-3776,Employment,High,94080,Won,0.0
C-3360,M-3115,Commercial,Low,27360,Won,0.0
C-3361,M-1253,Commercial,High,91680,Settled,48359.49
C-3362,M-3410,Employment,Low,36360,Settled,16114.98
C-3363,M-2684,Employment,Low,37920,Lost,0.0
C-3364,M-2232,IP,Low,47040,Settled,21783.44
C-3365,M-1499,Regulatory,Low,24120,Lost,0.0
C-3366,M-3281,Commercial,High,164160,Won,0.0
C-3367,M-1815,Regulatory,Low,26400,Won,0.0
C-3368,M-2107,Employment,High,124800,Lost,0.0
C-3369,M-3930,Regulatory,High,153120,Settled,74832.28
C-3370,M-2966,Commercial,Medium,68640,Settled,44102.91
C-3371,M-3173,IP,Low,29400,Settled,17764.35
C-3372,M-3165,IP,Low,38160,Lost,0.0
C-3373,M-2890,IP,High,162720,Won,0.0
C-3374,M-1080,Commercial,High,172320,Won,0.0
C-3375,M-3326,Commercial,Low,37560,Settled,19157.52
C-3376,M-2846,Commercial,Medium,73680,Won,0.0
C-3377,M-3367,Regulatory,Low,20400,Won,0.0
C-3378,M-2414,IP,High,136320,Settled,81100.0
C-3379,M-3409,Commercial,Low,20040,Lost,0.0
C-3380,M-2351,Employment,High,105600,Settled,62101.97
C-3381,M-3000,Commercial,Medium,86880,Lost,0.0
C-3382,M-1408,IP,Medium,45840,Lost,0.0
C-3383,M-1007,Employment,Medium,59760,Settled,40150.14
C-3384,M-1826,Regulatory,High,115200,Lost,0.0
C-3385,M-1125,Commercial,High,114240,Lost,0.0
C-3386,M-2172,Regulatory,High,157920,Lost,0.0
C-3387,M-1637,IP,Medium,43920,Won,0.0
C-3388,M-1299,Employment,Medium,95040,Lost,0.0
C-3389,M-2045,Commercial,High,78720,Settled,53657.78
C-3390,M-1976,Employment,High,145440,Lost,0.0
C-3391,M-1725,Employment,High,99840,Lost,0.0
C-3392,M-1598,Regulatory,High,167520,Lost,0.0
C-3393,M-3238,IP,High,66720,Settled,28552.79
C-3394,M-2922,Commercial,Medium,39120,Settled,11769.38
C-3395,M-1543,IP,Low,43440,Settled,30142.08
C-3396,M-3522,Commercial,Medium,79440,Lost,0.0
C-3397,M-2467,Commercial,Medium,78480,Lost,0.0
C-3398,M-2053,Commercial,High,61440,Settled,40896.48
C-3399,M-1063,Commercial,Low,29040,Settled,19096.74
C-3400,M-2259,Employment,Medium,44400,Won,0.0
C-3401,M-1830,Employment,Medium,77520,Settled,28201.87
C-3402,M-2401,Commercial,Low,44640,Won,0.0
C-3403,M-1893,Regulatory,Low,46200,Lost,0.0
C-3404,M-2595,Commercial,Medium,90000,Settled,34822.74
C-3405,M-1783,Regulatory,Medium,44400,Won,0.0
C-3406,M-2187,IP,Medium,39840,Settled,16313.96
C-3407,M-2110,Commercial,Medium,90000,Settled,43761.37
C-3408,M-2834,Employment,High,122880,Lost,0.0
C-3409,M-3708,Regulatory,Medium,38640,Lost,0.0
C-3410,M-3322,Regulatory,Low,24360,Lost,0.0
C-3411,M-1530,Commercial,High,96960,Settled,40392.17
C-3412,M-3900,Regulatory,Medium,37680,Lost,0.0
C-3413,M-1407,Commercial,High,92160,Won,0.0
C-3414,M-2651,IP,Medium,57360,Lost,0.0
C-3415,M-1534,IP,Medium,90720,Lost,0.0
C-3416,M-3622,IP,Medium,95040,Lost,0.0
C-3417,M-2180,Commercial,Low,29160,Settled,14416.3
C-3418,M-3895,Commercial,High,145920,Settled,80395.43
C-3419,M-2627,Employment,Low,21120,Settled,7009.91
C-3420,M-2645,Regulatory,Low,27480,Lost,0.0
C-3421,M-2956,Commercial,High,163680,Lost,0.0
C-3422,M-2543,Commercial,Low,40800,Settled,19574.88
C-3423,M-3905,Regulatory,Low,30840,Won,0.0
C-3424,M-2917,Employment,Medium,53760,Lost,0.0
C-3425,M-2433,IP,High,160320,Lost,0.0
C-3426,M-3570,IP,Low,33600,Settled,13699.06
C-3427,M-1759,IP,High,146880,Settled,48231.75
C-3428,M-2518,Commercial,Medium,35280,Won,0.0
C-3429,M-2621,Regulatory,Low,32400,Settled,11769.49
C-3430,M-1611,Commercial,High,69120,Settled,27560.09
C-3431,M-2353,Employment,Medium,95760,Lost,0.0
C-3432,M-1771,Regulatory,High,129600,Won,0.0
C-3433,M-2166,Employment,Medium,56400,Settled,22198.67
C-3434,M-2506,Regulatory,Medium,30960,Settled,16252.5
C-3435,M-2913,Regulatory,Medium,79920,Lost,0.0
C-3436,M-2627,Employment,Low,19800,Won,0.0
C-3437,M-1748,Regulatory,High,105600,Lost,0.0
C-3438,M-2420,Commercial,Medium,38640,Won,0.0
C-3439,M-3533,Regulatory,High,157440,Won,0.0
C-3440,M-1863,Commercial,Medium,66000,Won,0.0
C-3441,M-3772,Regulatory,High,122400,Won,0.0
C-3442,M-2407,IP,Low,29160,Won,0.0
C-3443,M-1711,Regulatory,High,156480,Settled,81662.96
C-3444,M-2664,Regulatory,High,106560,Settled,45966.82
C-3445,M-2002,Commercial,Medium,35280,Won,0.0
C-3446,M-1786,Regulatory,Low,39840,Won,0.0
C-3447,M-3695,Regulatory,Low,24840,Settled,10075.52
C-3448,M-2235,Commercial,High,82080,Lost,0.0
C-3449,M-2863,IP,High,166080,Won,0.0
C-3450,M-3742,Employment,Low,27480,Lost,0.0
C-3451,M-3476,Employment,Low,25560,Settled,10788.01
C-3452,M-3020,Regulatory,High,65280,Settled,42529.87
C-3453,M-2616,Regulatory,Medium,56400,Won,0.0
C-3454,M-3995,Regulatory,Low,39120,Lost,0.0
C-3455,M-3925,Employment,High,92160,Settled,53553.0
C-3456,M-1917,Regulatory,High,76800,Lost,0.0
C-3457,M-3437,Employment,Medium,44160,Won,0.0
C-3458,M-1031,Commercial,High,178080,Settled,116811.19
C-3459,M-2397,Commercial,Low,34800,Won,0.0
C-3460,M-1626,Regulatory,High,175680,Won,0.0
C-3461,M-2539,Employment,Low,37560,Won,0.0
C-3462,M-1702,Regulatory,High,122880,Settled,39938.51
C-3463,M-2570,IP,Medium,70560,Won,0.0
C-3464,M-3555,Commercial,Low,34920,Settled,13809.24
C-3465,M-3548,Employment,Low,34320,Lost,0.0
C-3466,M-3694,Employment,Medium,50880,Won,0.0
C-3467,M-3254,Employment,Low,34920,Settled,15925.49
C-3468,M-1512,IP,Low,28920,Won,0.0
C-3469,M-3810,IP,High,53760,Lost,0.0
C-3470,M-3796,Commercial,Low,19440,Settled,13475.62
C-3471,M-1317,Employment,Medium,73680,Lost,0.0
C-3472,M-3533,Employment,Medium,25920,Settled,17136.8
C-3473,M-2026,Employment,Medium,88320,Lost,0.0
C-3474,M-1382,Regulatory,Medium,51840,Won,0.0
C-3475,M-2956,Regulatory,Low,46200,Won,0.0
C-3476,M-3228,IP,Low,16560,Won,0.0
C-3477,M-1858,Employment,Low,43560,Won,0.0
C-3478,M-3829,Employment,Medium,45840,Lost,0.0
C-3479,M-2505,Regulatory,Medium,51840,Won,0.0
C-3480,M-2085,Commercial,Medium,61440,Settled,21578.79
C-3481,M-3791,IP,High,118080,Lost,0.0
C-3482,M-2460,Regulatory,Medium,79440,Lost,0.0
C-3483,M-3964,Regulatory,Medium,60720,Settled,29389.0
C-3484,M-1677,Regulatory,High,167520,Won,0.0
C-3485,M-2632,IP,Medium,24000,Lost,0.0
C-3486,M-1423,Employment,High,117600,Lost,0.0
C-3487,M-2380,Regulatory,Medium,78960,Lost,0.0
C-3488,M-1237,Commercial,Low,46320,Settled,26035.06
C-3489,M-2877,Commercial,High,96000,Won,0.0
C-3490,M-2757,Employment,High,149760,Lost,0.0
C-3491,M-3997,Regulatory,Medium,39360,Lost,0.0
C-3492,M-1391,Regulatory,High,168480,Settled,70463.5
C-3493,M-3925,IP,Low,26280,Won,0.0
C-3494,M-2636,Regulatory,Low,31800,Lost,0.0
C-3495,M-1314,Employment,Low,36240,Won,0.0
C-3496,M-3733,Regulatory,Medium,41040,Settled,23103.69
C-3497,M-2656,Regulatory,Medium,90480,Lost,0.0
C-3498,M-1571,Regulatory,High,58560,Lost,0.0
C-3499,M-2512,Regulatory,Low,21240,Settled,7911.59
C-3500,M-1111,Commercial,Low,14760,Lost,0.0
C-3501,M-3839,Employment,High,117600,Settled,80096.81
C-3502,M-2827,IP,Low,23280,Won,0.0
C-3503,M-2930,Employment,Low,25080,Settled,9365.12
C-3504,M-1442,Commercial,High,190080,Settled,77658.99
C-3505,M-3136,Employment,Low,41640,Lost,0.0
C-3506,M-3703,Commercial,Medium,40080,Settled,14641.64
C-3507,M-3248,IP,Medium,40080,Won,0.0
C-3508,M-1218,IP,Low,27360,Won,0.0
C-3509,M-3491,Employment,Low,21600,Won,0.0
C-3510,M-3713,IP,Medium,27840,Lost,0.0
C-3511,M-3278,IP,Low,43440,Lost,0.0
C-3512,M-1882,IP,Medium,83520,Won,0.0
C-3513,M-1397,Commercial,High,49920,Lost,0.0
C-3514,M-3159,Regulatory,Low,46200,Settled,19079.65
C-3515,M-1890,Employment,Medium,90480,Lost,0.0
C-3516,M-3358,Employment,High,109920,Lost,0.0
C-3517,M-3035,Regulatory,High,139200,Won,0.0
C-3518,M-2629,Employment,Medium,72720,Won,0.0
C-3519,M-1156,Commercial,Low,24360,Lost,0.0
C-3520,M-1277,Commercial,High,130560,Lost,0.0
C-3521,M-1479,IP,Low,33960,Won,0.0
C-3522,M-3923,Employment,Medium,84720,Settled,49720.92
C-3523,M-2591,IP,High,67680,Settled,34583.98
C-3524,M-1712,IP,High,62400,Won,0.0
C-3525,M-1751,Regulatory,Medium,68880,Settled,36416.04
C-3526,M-1021,Regulatory,Medium,65280,Won,0.0
C-3527,M-1685,Commercial,High,72000,Lost,0.0
C-3528,M-2419,Commercial,Low,36600,Lost,0.0
C-3529,M-2771,IP,High,117120,Won,0.0
C-3530,M-2288,IP,Medium,30240,Lost,0.0
C-3531,M-2984,Regulatory,Low,18120,Settled,7754.95
C-3532,M-2908,IP,High,78240,Won,0.0
C-3533,M-2996,Commercial,High,162720,Settled,50323.17
C-3534,M-2819,IP,Medium,24000,Settled,14464.63
C-3535,M-1427,Commercial,Low,14520,Settled,9424.24
C-3536,M-2672,Employment,Low,15600,Settled,5043.1
C-3537,M-3543,Employment,Medium,72480,Lost,0.0
C-3538,M-1676,Commercial,Medium,53760,Lost,0.0
C-3539,M-1039,Commercial,High,88800,Won,0.0
C-3540,M-1259,Commercial,High,80160,Won,0.0
C-3541,M-1651,Commercial,Medium,76320,Won,0.0
C-3542,M-1608,IP,High,182400,Settled,62493.51
C-3543,M-1328,Regulatory,Low,16440,Settled,5915.05
C-3544,M-1666,IP,Medium,87840,Lost,0.0
C-3545,M-2167,IP,High,170880,Lost,0.0
C-3546,M-1502,Regulatory,Low,37680,Won,0.0
C-3547,M-2204,Commercial,High,81600,Won,0.0
C-3548,M-3338,Commercial,Low,13920,Lost,0.0
C-3549,M-2475,Regulatory,High,69120,Lost,0.0
C-3550,M-2134,Employment,High,96000,Lost,0.0
C-3551,M-2553,Employment,High,125280,Lost,0.0
C-3552,M-2314,Commercial,Medium,29520,Lost,0.0
C-3553,M-2162,Employment,High,129120,Settled,64200.2
C-3554,M-2338,Regulatory,High,134880,Won,0.0
C-3555,M-1055,Commercial,Medium,82080,Won,0.0
C-3556,M-3000,IP,Medium,35520,Won,0.0
C-3557,M-2219,Commercial,Low,38400,Lost,0.0
C-3558,M-3923,Commercial,Medium,24000,Won,0.0
C-3559,M-2455,Employment,Low,29160,Won,0.0
C-3560,M-3775,IP,Medium,67440,Lost,0.0
C-3561,M-2737,Regulatory,Low,47280,Won,0.0
C-3562,M-3927,IP,High,183840,Won,0.0
C-3563,M-2030,IP,High,77760,Lost,0.0
C-3564,M-1863,Employment,High,109440,Lost,0.0
C-3565,M-3089,Employment,High,54720,Won,0.0
C-3566,M-2009,IP,High,71040,Settled,37958.76
C-3567,M-2101,Employment,Low,31920,Won,0.0
C-3568,M-1939,IP,Medium,83520,Settled,39975.51
C-3569,M-3151,Employment,High,78240,Lost,0.0
C-3570,M-1431,IP,Medium,73440,Lost,0.0
C-3571,M-3609,Regulatory,Medium,83520,Settled,31892.4
C-3572,M-1923,Commercial,Low,12360,Settled,6430.54
C-3573,M-2950,Regulatory,High,104640,Lost,0.0
C-3574,M-2144,Regulatory,Low,15480,Settled,5038.56
C-3575,M-1041,IP,Low,14640,Settled,5151.59
C-3576,M-1779,Regulatory,Medium,78960,Settled,40217.47
C-3577,M-2713,Commercial,Medium,48480,Lost,0.0
C-3578,M-2618,Commercial,Medium,89760,Won,0.0
C-3579,M-2529,Regulatory,Low,42960,Settled,21884.2
C-3580,M-2451,Regulatory,Medium,85200,Won,0.0
C-3581,M-3791,Employment,High,111360,Won,0.0
C-3582,M-1363,IP,Low,30360,Settled,14115.35
C-3583,M-2155,Regulatory,Medium,55680,Settled,33762.24
C-3584,M-3321,Regulatory,Low,19560,Settled,12450.97
C-3585,M-3014,Employment,Medium,76080,Lost,0.0
C-3586,M-3687,Regulatory,Medium,89040,Won,0.0
C-3587,M-1309,Regulatory,Medium,69600,Won,0.0
C-3588,M-3623,Regulatory,Medium,73920,Settled,46736.86
C-3589,M-2235,Regulatory,High,138240,Won,0.0
C-3590,M-3544,Commercial,High,146400,Lost,0.0
C-3591,M-2993,Employment,Medium,35520,Lost,0.0
C-3592,M-1251,Employment,High,141120,Lost,0.0
C-3593,M-2860,Employment,Medium,31440,Lost,0.0
C-3594,M-2621,IP,High,179520,Settled,75652.38
C-3595,M-2552,Employment,Medium,84000,Lost,0.0
C-3596,M-1719,Employment,Medium,56880,Settled,19063.24
C-3597,M-3645,Commercial,Medium,64080,Lost,0.0
C-3598,M-2421,IP,Low,33480,Lost,0.0
C-3599,M-1989,Employment,High,174720,Won,0.0
C-3600,M-1297,IP,Low,22320,Settled,7138.71
C-3601,M-1384,Regulatory,Low,29400,Settled,14734.86
C-3602,M-2001,IP,Low,46800,Lost,0.0
C-3603,M-1304,Employment,Low,22440,Settled,12993.65
C-3604,M-3460,Regulatory,High,131040,Won,0.0
C-3605,M-2663,IP,Low,24720,Won,0.0
C-3606,M-2917,Commercial,Low,21000,Lost,0.0
C-3607,M-2116,Commercial,Low,32040,Won,0.0
C-3608,M-2700,Commercial,High,66240,Won,0.0
C-3609,M-1481,Commercial,Low,32760,Settled,16814.98
C-3610,M-2557,Regulatory,High,172320,Settled,109943.07
C-3611,M-1277,IP,Medium,93600,Won,0.0
C-3612,M-1817,Regulatory,Low,16440,Settled,7745.67
C-3613,M-2662,Regulatory,High,132960,Won,0.0
C-3614,M-3881,Employment,Medium,41280,Won,0.0
C-3615,M-3769,Commercial,Low,47520,Won,0.0
C-3616,M-1146,IP,Low,46320,Won,0.0
C-3617,M-1592,Employment,Low,35160,Won,0.0
C-3618,M-2522,Commercial,Medium,34800,Settled,21371.0
C-3619,M-1051,Regulatory,High,73920,Won,0.0
C-3620,M-3075,Commercial,Medium,93600,Settled,65238.23
C-3621,M-1193,Employment,High,164640,Won,0.0
C-3622,M-2321,IP,Low,41760,Won,0.0
C-3623,M-1079,Commercial,Low,13920,Lost,0.0
C-3624,M-2914,IP,High,151200,Settled,45887.67
C-3625,M-3378,Commercial,Medium,57120,Settled,33640.66
C-3626,M-3826,Employment,Medium,86160,Won,0.0
C-3627,M-1702,Commercial,Medium,67680,Won,0.0
C-3628,M-1600,Regulatory,High,85440,Lost,0.0
C-3629,M-3926,Employment,High,65280,Settled,28259.22
C-3630,M-1934,IP,Medium,44880,Settled,21305.42
C-3631,M-2698,Regulatory,Medium,42240,Lost,0.0
C-3632,M-2871,Employment,Low,43800,Lost,0.0
C-3633,M-1347,IP,Low,39240,Won,0.0
C-3634,M-3712,Regulatory,Medium,27360,Won,0.0
C-3635,M-3901,Employment,Low,40920,Settled,22376.49
C-3636,M-3722,Commercial,Medium,91680,Won,0.0
C-3637,M-1358,Commercial,Low,43440,Settled,21943.19
C-3638,M-1076,Employment,High,76800,Won,0.0
C-3639,M-1112,IP,Medium,49920,Won,0.0
C-3640,M-1879,IP,Low,45960,Won,0.0
C-3641,M-1328,Employment,Low,40920,Lost,0.0
C-3642,M-3476,Employment,High,120480,Won,0.0
C-3643,M-2045,Employment,High,143520,Settled,75274.33
C-3644,M-1076,Regulatory,High,176160,Lost,0.0
C-3645,M-1771,IP,High,88800,Won,0.0
C-3646,M-1084,Commercial,Low,40560,Lost,0.0
C-3647,M-3228,IP,Medium,42720,Lost,0.0
C-3648,M-1784,IP,Low,19800,Lost,0.0
C-3649,M-2299,Regulatory,High,97440,Lost,0.0
C-3650,M-1637,Commercial,Medium,28560,Lost,0.0
C-3651,M-3143,Regulatory,Low,39360,Settled,26812.31
C-3652,M-1150,IP,Low,30240,Lost,0.0
C-3653,M-2339,IP,High,188640,Won,0.0
C-3654,M-3639,Regulatory,Medium,52560,Won,0.0
C-3655,M-3065,Regulatory,High,73920,Settled,43785.36
C-3656,M-1806,Regulatory,Low,40800,Lost,0.0
C-3657,M-3265,Regulatory,High,96480,Settled,57553.85
C-3658,M-1653,Commercial,High,119520,Lost,0.0
C-3659,M-1809,Employment,Medium,29280,Lost,0.0
C-3660,M-2919,IP,Low,35640,Lost,0.0
C-3661,M-3593,Employment,Medium,61440,Settled,29427.92
C-3662,M-2955,Employment,High,184800,Settled,95205.58
C-3663,M-1274,Commercial,Medium,75600,Settled,48735.74
C-3664,M-1524,IP,Low,26040,Won,0.0
C-3665,M-2386,Employment,Low,40200,Lost,0.0
C-3666,M-2458,Commercial,Low,27480,Settled,17746.6
C-3667,M-1035,Employment,Medium,55920,Won,0.0
C-3668,M-1510,Commercial,High,130080,Won,0.0
C-3669,M-2893,IP,Medium,56400,Settled,29837.57
C-3670,M-2803,Commercial,Low,47640,Settled,17933.09
C-3671,M-2082,IP,Low,32040,Won,0.0
C-3672,M-1307,Commercial,Medium,31440,Lost,0.0
C-3673,M-3805,IP,High,174240,Settled,53604.67
C-3674,M-3469,Regulatory,Low,15480,Settled,5411.25
C-3675,M-1104,IP,Medium,29760,Won,0.0
C-3676,M-1647,IP,High,100800,Won,0.0
C-3677,M-1111,IP,High,148320,Settled,52912.2
C-3678,M-3500,Commercial,Medium,64320,Won,0.0
C-3679,M-1823,Regulatory,Medium,75840,Won,0.0
C-3680,M-3086,IP,Medium,92880,Settled,44176.5
C-3681,M-1513,Regulatory,Low,43320,Won,0.0
C-3682,M-1542,IP,High,99840,Won,0.0
C-3683,M-3610,IP,High,95040,Lost,0.0
C-3684,M-1901,Commercial,High,131520,Settled,65535.62
C-3685,M-3862,Commercial,High,132480,Won,0.0
C-3686,M-2804,Regulatory,Low,18600,Lost,0.0
C-3687,M-3246,Regulatory,Low,25320,Won,0.0
C-3688,M-2848,IP,High,132000,Settled,62065.57
C-3689,M-2679,Regulatory,Low,32160,Lost,0.0
C-3690,M-3642,IP,Medium,49680,Won,0.0
C-3691,M-2755,IP,High,103200,Settled,66208.81
C-3692,M-3986,Employment,High,114240,Won,0.0
C-3693,M-3070,IP,Low,17400,Won,0.0
C-3694,M-1577,Employment,Low,29640,Settled,12175.69
C-3695,M-1070,IP,Medium,59760,Won,0.0
C-3696,M-3457,IP,High,172800,Settled,76680.6
C-3697,M-2496,Regulatory,High,189120,Settled,124642.87
C-3698,M-3169,IP,Low,46200,Settled,24765.9
C-3699,M-1336,IP,High,72000,Settled,29844.51
C-3700,M-2764,Regulatory,High,81600,Won,0.0
C-3701,M-2671,IP,Medium,34800,Settled,17497.63
C-3702,M-1561,Employment,Low,12960,Lost,0.0
C-3703,M-3683,Commercial,Low,18360,Won,0.0
C-3704,M-2254,Employment,Medium,40320,Settled,26157.69
C-3705,M-3452,IP,High,50400,Lost,0.0
C-3706,M-1082,IP,High,99840,Settled,36386.21
C-3707,M-2157,IP,High,174720,Won,0.0
C-3708,M-2096,IP,High,80160,Lost,0.0
C-3709,M-3769,Regulatory,Low,17520,Lost,0.0
C-3710,M-2969,Regulatory,Medium,55680,Settled,32985.12
C-3711,M-3773,Regulatory,Low,31800,Settled,18079.72
C-3712,M-1592,Employment,Low,15960,Lost,0.0
C-3713,M-1313,IP,Low,33480,Won,0.0
C-3714,M-3732,Commercial,High,184800,Won,0.0
C-3715,M-1285,Employment,Low,44040,Won,0.0
C-3716,M-3926,Commercial,High,78240,Lost,0.0
C-3717,M-2636,Regulatory,High,156000,Settled,93644.67
C-3718,M-3916,Commercial,High,186720,Settled,58252.96
C-3719,M-1419,Commercial,Low,34440,Lost,0.0
C-3720,M-1971,Regulatory,Medium,68400,Won,0.0
C-3721,M-2941,IP,Low,33000,Settled,22121.5
C-3722,M-2637,IP,Medium,54960,Settled,20911.26
C-3723,M-1437,IP,High,132960,Settled,60551.44
C-3724,M-3230,Employment,High,111840,Lost,0.0
C-3725,M-1857,Commercial,Low,19200,Settled,11592.4
C-3726,M-3411,Regulatory,High,50400,Won,0.0
C-3727,M-2339,Employment,Medium,63840,Won,0.0
C-3728,M-1386,Commercial,Low,40800,Won,0.0
C-3729,M-1737,Commercial,High,66240,Won,0.0
C-3730,M-1359,Regulatory,High,170400,Settled,106592.2
C-3731,M-2039,Employment,Medium,60960,Settled,38816.52
C-3732,M-2564,Commercial,Medium,31200,Lost,0.0
C-3733,M-3902,Employment,Medium,59040,Won,0.0
C-3734,M-3840,Employment,Medium,31200,Won,0.0
C-3735,M-3093,Regulatory,High,70560,Lost,0.0
C-3736,M-1700,IP,Medium,91920,Lost,0.0
C-3737,M-3782,IP,Medium,31920,Settled,14180.53
C-3738,M-2279,Regulatory,Low,47400,Lost,0.0
C-3739,M-3757,Employment,Low,26160,Lost,0.0
C-3740,M-3992,Regulatory,High,86400,Settled,26631.58
C-3741,M-2508,Commercial,High,163200,Settled,57793.96
C-3742,M-3334,IP,Low,21480,Settled,13961.47
C-3743,M-1753,Commercial,High,59520,Settled,40233.81
C-3744,M-1818,Employment,Medium,86160,Settled,34387.77
C-3745,M-1883,Commercial,High,75840,Won,0.0
C-3746,M-3417,Employment,High,59520,Won,0.0
C-3747,M-3911,IP,Low,45000,Lost,0.0
C-3748,M-1898,IP,Low,44640,Settled,30196.89
C-3749,M-1211,Commercial,Low,45600,Settled,31440.35
C-3750,M-1162,Commercial,High,97920,Won,0.0
C-3751,M-1231,Regulatory,High,112800,Lost,0.0
C-3752,M-3793,Employment,Medium,80880,Won,0.0
C-3753,M-1863,Regulatory,Medium,78480,Lost,0.0
C-3754,M-2583,IP,High,108960,Won,0.0
C-3755,M-2156,IP,High,66240,Lost,0.0
C-3756,M-3301,Commercial,Medium,74160,Settled,44960.35
C-3757,M-1863,Commercial,Medium,56640,Lost,0.0
C-3758,M-2204,Employment,High,84480,Lost,0.0
C-3759,M-3613,Employment,Medium,53520,Lost,0.0
C-3760,M-1940,Commercial,Medium,72000,Won,0.0
C-3761,M-3172,Employment,Low,18000,Won,0.0
C-3762,M-1657,IP,Low,19440,Settled,9638.92
C-3763,M-1724,Employment,Low,38760,Lost,0.0
C-3764,M-2821,Regulatory,High,150240,Settled,82328.7
C-3765,M-3889,Employment,Low,29760,Lost,0.0
C-3766,M-2424,Regulatory,Low,13440,Settled,5226.57
C-3767,M-2994,Regulatory,High,116640,Lost,0.0
C-3768,M-2424,Commercial,Low,13320,Won,0.0
C-3769,M-2653,IP,High,170880,Won,0.0
C-3770,M-1430,Employment,Medium,49920,Lost,0.0
C-3771,M-1574,Employment,Medium,60240,Lost,0.0
C-3772,M-3503,IP,Medium,34800,Won,0.0
C-3773,M-2679,Commercial,Medium,72720,Lost,0.0
C-3774,M-1233,Commercial,High,135360,Lost,0.0
C-3775,M-3477,Employment,High,74880,Settled,48112.66
C-3776,M-1047,Employment,High,102720,Settled,49338.28
C-3777,M-2826,Employment,Low,32400,Won,0.0
C-3778,M-1941,Regulatory,High,137280,Lost,0.0
C-3779,M-1645,IP,High,124320,Lost,0.0
C-3780,M-3087,Employment,Low,45720,Settled,14558.1
C-3781,M-3799,IP,Low,38160,Won,0.0
C-3782,M-1124,Regulatory,Low,32160,Settled,11693.32
C-3783,M-3261,IP,Medium,27120,Won,0.0
C-3784,M-1948,IP,Medium,24480,Settled,15628.63
C-3785,M-1140,IP,High,109440,Settled,67598.37
C-3786,M-3196,IP,High,154080,Lost,0.0
C-3787,M-3937,Commercial,High,148320,Settled,101161.55
C-3788,M-2198,Regulatory,High,137760,Won,0.0
C-3789,M-2369,Regulatory,Low,20880,Settled,13624.41
C-3790,M-2776,Commercial,Low,38040,Won,0.0
C-3791,M-2436,Regulatory,Medium,57840,Settled,28135.4
C-3792,M-3897,IP,Low,31200,Settled,10232.5
C-3793,M-1005,Employment,Low,24000,Settled,9353.23
C-3794,M-3493,Commercial,Medium,44160,Won,0.0
C-3795,M-1535,IP,High,161760,Settled,103895.08
C-3796,M-1965,Employment,Medium,72240,Won,0.0
C-3797,M-3308,Employment,Low,33000,Settled,16872.05
C-3798,M-1490,Commercial,Medium,25200,Won,0.0
C-3799,M-1991,Regulatory,Medium,59520,Settled,33503.54
C-3800,M-1037,Regulatory,High,153600,Settled,92545.66
C-3801,M-1615,Employment,High,165120,Settled,87392.39
C-3802,M-1011,Regulatory,Medium,82560,Won,0.0
C-3803,M-1549,Regulatory,Low,20880,Won,0.0
C-3804,M-2062,Employment,Medium,59760,Settled,18372.6
C-3805,M-1112,IP,Medium,76560,Lost,0.0
C-3806,M-3794,IP,Low,14520,Lost,0.0
C-3807,M-1639,IP,Medium,89040,Lost,0.0
C-3808,M-3742,Commercial,Low,24960,Lost,0.0
C-3809,M-1818,IP,Medium,53040,Lost,0.0
C-3810,M-1889,Employment,Low,25800,Settled,17855.61
C-3811,M-2682,Regulatory,Low,37800,Lost,0.0
C-3812,M-1800,Commercial,Low,29160,Lost,0.0
C-3813,M-1476,Employment,High,156000,Settled,76691.62
C-3814,M-3158,Employment,Medium,74880,Lost,0.0
C-3815,M-1259,Employment,High,49920,Lost,0.0
C-3816,M-3429,Employment,Medium,51840,Won,0.0
C-3817,M-3169,IP,High,67200,Won,0.0
C-3818,M-1533,Regulatory,Medium,54960,Won,0.0
C-3819,M-1879,Employment,Medium,88560,Settled,59438.44
C-3820,M-3265,Employment,High,151200,Settled,82138.33
C-3821,M-1434,Employment,Low,44880,Settled,31077.56
C-3822,M-2425,Regulatory,Low,19080,Settled,9725.2
C-3823,M-3918,Regulatory,High,56640,Won,0.0
C-3824,M-1187,IP,High,80160,Settled,50373.5
C-3825,M-3507,Employment,Low,19800,Lost,0.0
C-3826,M-2824,Commercial,Low,22560,Settled,12793.71
C-3827,M-2445,Employment,Medium,61440,Lost,0.0
C-3828,M-1189,Commercial,Low,22200,Won,0.0
C-3829,M-1860,Regulatory,High,170400,Lost,0.0
C-3830,M-1339,IP,Low,15960,Lost,0.0
C-3831,M-3986,Regulatory,Low,16320,Won,0.0
C-3832,M-1042,Regulatory,High,50880,Lost,0.0
C-3833,M-2928,Commercial,Low,17760,Settled,7295.73
C-3834,M-1481,IP,High,62880,Won,0.0
C-3835,M-2152,Commercial,High,61920,Settled,29493.67
C-3836,M-2398,Regulatory,Medium,75120,Won,0.0
C-3837,M-1599,Regulatory,Low,41280,Won,0.0
C-3838,M-3131,Commercial,High,115680,Settled,67230.48
C-3839,M-2918,Employment,Low,25920,Lost,0.0
C-3840,M-3865,Regulatory,High,182400,Lost,0.0
C-3841,M-2024,IP,Low,22560,Won,0.0
C-3842,M-1821,IP,Low,12480,Settled,6085.67
C-3843,M-2168,Commercial,High,99360,Settled,31698.58
C-3844,M-3272,IP,Low,18240,Settled,6306.57
C-3845,M-3400,Employment,High,187680,Won,0.0
C-3846,M-2185,IP,Medium,84240,Lost,0.0
C-3847,M-2785,Commercial,Medium,72960,Lost,0.0
C-3848,M-1339,Commercial,Low,24840,Won,0.0
C-3849,M-1107,Employment,Medium,31200,Settled,20543.24
C-3850,M-2954,Employment,Medium,48240,Won,0.0
C-3851,M-3176,Employment,Low,43080,Lost,0.0
C-3852,M-3118,Regulatory,High,61440,Won,0.0
C-3853,M-2484,Employment,Low,20160,Won,0.0
C-3854,M-2814,Employment,Low,32400,Settled,17958.9
C-3855,M-1811,Employment,Low,14640,Lost,0.0
C-3856,M-1314,Employment,High,49440,Lost,0.0
C-3857,M-1346,IP,High,114720,Settled,70363.78
C-3858,M-2760,Regulatory,Low,40920,Won,0.0
C-3859,M-3319,Employment,High,62880,Won,0.0
C-3860,M-3397,Regulatory,Medium,45360,Won,0.0
C-3861,M-1782,Regulatory,Medium,88560,Lost,0.0
C-3862,M-2595,Employment,Low,18960,Lost,0.0
C-3863,M-2497,Commercial,Low,45360,Lost,0.0
C-3864,M-3914,Commercial,High,92160,Settled,43255.6
C-3865,M-1383,Regulatory,High,83040,Settled,30940.49
C-3866,M-1626,IP,High,56640,Won,0.0
C-3867,M-1675,Employment,Medium,78480,Lost,0.0
C-3868,M-1741,IP,High,92640,Won,0.0
C-3869,M-3391,Commercial,Medium,92640,Settled,64205.53
C-3870,M-1927,Commercial,Low,12000,Settled,5053.14
C-3871,M-1040,IP,High,172320,Won,0.0
C-3872,M-1545,Commercial,Low,28560,Lost,0.0
C-3873,M-1643,Commercial,Medium,71280,Lost,0.0
C-3874,M-1429,Employment,Medium,49680,Settled,32170.21
C-3875,M-3243,IP,Medium,79680,Settled,37872.04
C-3876,M-3670,Employment,Medium,88080,Settled,37937.1
C-3877,M-3915,Regulatory,High,155040,Lost,0.0
C-3878,M-3037,Commercial,Low,38160,Lost,0.0
C-3879,M-1024,Regulatory,Medium,53760,Lost,0.0
C-3880,M-2253,Employment,Low,27720,Won,0.0
C-3881,M-1903,IP,Low,22080,Lost,0.0
C-3882,M-2815,Regulatory,Low,32280,Lost,0.0
C-3883,M-3343,IP,Medium,66000,Lost,0.0
C-3884,M-2951,Commercial,Medium,78720,Lost,0.0
C-3885,M-1714,Employment,Low,28920,Lost,0.0
C-3886,M-3243,Regulatory,Medium,44640,Lost,0.0
C-3887,M-3959,Employment,Low,37320,Settled,16041.83
C-3888,M-3176,IP,High,180000,Settled,94130.6
C-3889,M-2938,IP,High,169440,Won,0.0
C-3890,M-1284,IP,High,138240,Settled,69631.82
C-3891,M-3246,Employment,Medium,47520,Lost,0.0
C-3892,M-3914,Commercial,Medium,57600,Lost,0.0
C-3893,M-3923,Regulatory,Low,15840,Lost,0.0
C-3894,M-3082,Commercial,Medium,85680,Lost,0.0
C-3895,M-1484,Commercial,High,114720,Won,0.0
C-3896,M-3735,Employment,High,134400,Lost,0.0
C-3897,M-3984,Commercial,Medium,64560,Won,0.0
C-3898,M-3897,Regulatory,High,152640,Lost,0.0
C-3899,M-3892,Employment,Low,20880,Settled,11008.93
C-3900,M-2000,Commercial,Low,25800,Lost,0.0
C-3901,M-2169,Regulatory,High,128160,Won,0.0
C-3902,M-3581,IP,Medium,30000,Settled,14489.47
C-3903,M-3504,Commercial,High,122880,Won,0.0
C-3904,M-3592,Regulatory,Medium,57360,Won,0.0
C-3905,M-3031,Employment,High,77760,Won,0.0
C-3906,M-2532,Commercial,Low,28800,Settled,13657.29
C-3907,M-3806,Commercial,Low,30720,Won,0.0
C-3908,M-2373,Commercial,Medium,71040,Won,0.0
C-3909,M-1546,Employment,Low,42720,Settled,23453.43
C-3910,M-1194,Employment,Low,38280,Won,0.0
C-3911,M-2914,Commercial,Medium,96000,Won,0.0
C-3912,M-1648,IP,High,186720,Settled,118786.8
C-3913,M-1868,Commercial,Low,20160,Settled,10981.7
C-3914,M-2960,Regulatory,Medium,94320,Won,0.0
C-3915,M-3795,Employment,Medium,80400,Lost,0.0
C-3916,M-1473,IP,Medium,25680,Won,0.0
C-3917,M-2556,Regulatory,Medium,29760,Settled,15408.85
C-3918,M-3483,IP,Low,20400,Won,0.0
C-3919,M-2673,Commercial,Low,45840,Lost,0.0
C-3920,M-2333,IP,High,167520,Won,0.0
C-3921,M-3769,Regulatory,Low,24240,Settled,10159.9
C-3922,M-2587,Commercial,Medium,48960,Won,0.0
C-3923,M-1101,Commercial,High,110400,Lost,0.0
C-3924,M-3196,Regulatory,Low,25440,Settled,15189.89
C-3925,M-3476,IP,Medium,48720,Settled,33189.16
C-3926,M-1578,Regulatory,Medium,64800,Lost,0.0
C-3927,M-2778,Commercial,Medium,42480,Lost,0.0
C-3928,M-3550,IP,Low,29040,Lost,0.0
C-3929,M-1143,Regulatory,Low,37080,Won,0.0
C-3930,M-3299,Commercial,Medium,51360,Lost,0.0
C-3931,M-1158,IP,Medium,75120,Settled,34711.92
C-3932,M-1547,Regulatory,High,85920,Won,0.0
C-3933,M-3028,Regulatory,Medium,88320,Won,0.0
C-3934,M-3417,Regulatory,Low,42360,Settled,17999.89
C-3935,M-2626,IP,High,121440,Won,0.0
C-3936,M-1563,Commercial,High,172320,Settled,86423.82
C-3937,M-3040,IP,Medium,92880,Won,0.0
C-3938,M-3272,Regulatory,Low,44040,Won,0.0
C-3939,M-3124,Regulatory,Medium,24960,Won,0.0
C-3940,M-3461,Employment,High,125760,Lost,0.0
C-3941,M-2439,Employment,Low,31680,Settled,21352.3
C-3942,M-2686,Regulatory,Medium,38640,Settled,21521.31
C-3943,M-3274,Regulatory,Medium,49440,Lost,0.0
C-3944,M-3799,Commercial,Low,28440,Settled,9317.6
C-3945,M-3553,Employment,Medium,31920,Lost,0.0
C-3946,M-1088,Regulatory,Low,42480,Won,0.0
C-3947,M-3830,Regulatory,Low,44400,Settled,15308.74
C-3948,M-2047,Commercial,Medium,46080,Won,0.0
C-3949,M-3341,Regulatory,High,65280,Settled,29243.43
C-3950,M-2530,IP,Low,42600,Lost,0.0
C-3951,M-1045,Employment,Low,22560,Settled,8520.08
C-3952,M-2228,Regulatory,High,72480,Settled,43736.41
C-3953,M-3590,Regulatory,Low,22200,Won,0.0
C-3954,M-1395,Commercial,Low,17040,Won,0.0
C-3955,M-3556,Commercial,Low,35640,Won,0.0
C-3956,M-1104,IP,Low,30720,Lost,0.0
C-3957,M-3316,Regulatory,Low,29880,Won,0.0
C-3958,M-1605,Employment,Low,24480,Settled,11437.82
C-3959,M-3655,Employment,Medium,77040,Lost,0.0
C-3960,M-3894,Regulatory,Medium,71040,Won,0.0
C-3961,M-1503,Regulatory,Low,27720,Settled,9209.66
C-3962,M-3187,IP,High,81600,Settled,50515.15
C-3963,M-3684,Regulatory,High,120000,Lost,0.0
C-3964,M-1888,Regulatory,Medium,56400,Settled,34802.77
C-3965,M-1392,Regulatory,High,191040,Settled,131898.87
C-3966,M-1114,Employment,Low,42000,Won,0.0
C-3967,M-1207,Employment,Medium,28800,Won,0.0
C-3968,M-1765,Employment,Medium,87840,Won,0.0
C-3969,M-1223,Commercial,Medium,66720,Settled,37820.82
C-3970,M-3285,Commercial,Medium,31920,Lost,0.0
C-3971,M-1538,Commercial,Medium,32160,Lost,0.0
C-3972,M-3333,Employment,High,108000,Lost,0.0
C-3973,M-3082,Regulatory,Medium,24000,Won,0.0
C-3974,M-3009,Regulatory,Low,44280,Won,0.0
C-3975,M-1866,Employment,Low,23640,Settled,7893.87
C-3976,M-1570,IP,Medium,55200,Lost,0.0
C-3977,M-2506,Commercial,Low,16080,Lost,0.0
C-3978,M-3366,IP,Low,40800,Won,0.0
C-3979,M-3381,Regulatory,Medium,52800,Lost,0.0
C-3980,M-1250,Regulatory,High,88800,Won,0.0
C-3981,M-3928,Regulatory,High,116160,Settled,81122.04
C-3982,M-1738,Regulatory,High,57600,Won,0.0
C-3983,M-1651,IP,Medium,47760,Lost,0.0
C-3984,M-1827,IP,Low,46680,Lost,0.0
C-3985,M-3832,Commercial,Medium,79440,Won,0.0
C-3986,M-2716,IP,Low,24960,Settled,9400.98
C-3987,M-1278,Employment,Low,12720,Settled,6040.17
C-3988,M-3960,Employment,High,65760,Settled,39023.32
C-3989,M-1370,Regulatory,Medium,29520,Lost,0.0
C-3990,M-1249,Regulatory,Medium,95040,Lost,0.0
C-3991,M-3780,Regulatory,Low,36000,Settled,23116.27
C-3992,M-3137,Commercial,High,79680,Lost,0.0
C-3993,M-2717,Regulatory,Medium,66480,Won,0.0
C-3994,M-2492,IP,High,143520,Won,0.0
C-3995,M-1584,Employment,High,150240,Won,0.0
C-3996,M-3893,IP,Medium,84240,Settled,37166.67
C-3997,M-2991,Commercial,Medium,39120,Won,0.0
C-3998,M-1027,Employment,Low,18000,Lost,0.0
C-3999,M-1467,Regulatory,Medium,59520,Won,0.0
C-4000,M-3218,Commercial,Medium,73440,Won,0.0
C-4001,M-2780,IP,Medium,95760,Won,0.0
C-4002,M-3354,IP,High,177600,Won,0.0
C-4003,M-2648,Employment,Low,13440,Lost,0.0
C-4004,M-1152,Regulatory,Low,42720,Lost,0.0
C-4005,M-3829,IP,Low,26040,Settled,9394.52
C-4006,M-1793,Regulatory,Medium,89040,Settled,33500.01
C-4007,M-3564,IP,Medium,63120,Lost,0.0
C-4008,M-2899,IP,Medium,64080,Won,0.0
C-4009,M-1959,Employment,Medium,75360,Settled,49934.41
C-4010,M-1658,IP,Low,33360,Settled,14125.75
C-4011,M-3919,Commercial,High,107040,Lost,0.0
C-4012,M-3669,Employment,High,116640,Won,0.0
C-4013,M-1655,Regulatory,Low,32640,Settled,20186.5
C-4014,M-2708,Regulatory,Low,26280,Won,0.0
C-4015,M-3105,IP,Medium,77520,Won,0.0
C-4016,M-1153,IP,Medium,30720,Won,0.0
C-4017,M-3836,Commercial,Low,15000,Lost,0.0
C-4018,M-2209,Commercial,Medium,82320,Settled,39404.02
C-4019,M-3549,Employment,Low,30840,Lost,0.0
C-4020,M-2171,Regulatory,High,179520,Lost,0.0
C-4021,M-2134,Commercial,Medium,57840,Won,0.0
C-4022,M-3017,IP,High,84480,Won,0.0
C-4023,M-3685,IP,High,59520,Won,0.0
C-4024,M-1449,IP,High,132000,Won,0.0
C-4025,M-1423,Employment,High,58560,Settled,19795.76
C-4026,M-1453,Regulatory,High,56640,Won,0.0
C-4027,M-3014,IP,High,140640,Settled,84159.08
C-4028,M-1227,Regulatory,Medium,84720,Won,0.0
C-4029,M-1237,Regulatory,Low,35040,Won,0.0
C-4030,M-2806,IP,High,133920,Won,0.0
C-4031,M-2541,Employment,Low,26400,Lost,0.0
C-4032,M-2971,Regulatory,High,134400,Settled,76788.17
C-4033,M-1270,Commercial,Medium,70080,Won,0.0
C-4034,M-2714,Commercial,High,163680,Won,0.0
C-4035,M-2491,Commercial,Low,26400,Lost,0.0
C-4036,M-3061,Employment,Medium,48960,Lost,0.0
C-4037,M-1635,Regulatory,Medium,76800,Lost,0.0
C-4038,M-3528,IP,Low,17040,Lost,0.0
C-4039,M-2131,IP,High,171360,Won,0.0
C-4040,M-3153,Employment,High,109920,Won,0.0
C-4041,M-1740,Regulatory,High,67200,Lost,0.0
C-4042,M-1284,Regulatory,Medium,68640,Lost,0.0
C-4043,M-1856,IP,Medium,46560,Settled,15865.63
C-4044,M-2402,IP,Medium,44160,Settled,13440.8
C-4045,M-2818,Employment,Medium,75360,Won,0.0
C-4046,M-1396,Commercial,High,60000,Lost,0.0
C-4047,M-3267,IP,Low,24480,Lost,0.0
C-4048,M-2819,Employment,Low,37200,Lost,0.0
C-4049,M-3837,IP,High,51360,Won,0.0
C-4050,M-3356,Commercial,Medium,32640,Won,0.0
C-4051,M-1457,Commercial,High,167520,Settled,115321.63
C-4052,M-2734,Regulatory,Low,33600,Settled,17689.18
C-4053,M-3970,Commercial,Low,31920,Lost,0.0
C-4054,M-3287,Commercial,High,165600,Settled,88070.61
C-4055,M-2927,Commercial,Low,23760,Settled,14384.93
C-4056,M-1981,Employment,High,105120,Lost,0.0
C-4057,M-1642,Commercial,High,57600,Settled,33679.53
C-4058,M-2556,IP,Medium,63600,Won,0.0
C-4059,M-1943,Employment,Low,12480,Lost,0.0
C-4060,M-3366,Regulatory,Medium,66480,Lost,0.0
C-4061,M-3799,Regulatory,Medium,84000,Won,0.0
C-4062,M-2000,Commercial,Medium,68640,Won,0.0
C-4063,M-1687,IP,Medium,42000,Won,0.0
C-4064,M-3011,Employment,Low,43800,Settled,29350.15
C-4065,M-1710,Commercial,Medium,61200,Settled,38299.95
C-4066,M-3682,Regulatory,Low,22440,Lost,0.0
C-4067,M-2825,Regulatory,High,140640,Lost,0.0
C-4068,M-2698,Employment,Low,34560,Settled,13460.79
C-4069,M-1473,IP,Medium,94560,Settled,44881.17
C-4070,M-1396,IP,Low,36360,Settled,24812.41
C-4071,M-3749,Employment,High,69120,Lost,0.0
C-4072,M-2900,Commercial,Low,48000,Won,0.0
C-4073,M-2624,IP,High,155040,Lost,0.0
C-4074,M-1524,IP,High,88800,Won,0.0
C-4075,M-1926,Regulatory,Medium,55440,Won,0.0
C-4076,M-3648,Employment,Medium,65280,Lost,0.0
C-4077,M-2147,Regulatory,Medium,67680,Won,0.0
C-4078,M-1822,IP,High,182880,Lost,0.0
C-4079,M-1645,IP,Medium,66720,Lost,0.0
C-4080,M-1121,Regulatory,Medium,27840,Lost,0.0
C-4081,M-1410,Regulatory,High,53280,Won,0.0
C-4082,M-2736,Employment,Low,15840,Settled,7280.36
C-4083,M-1697,Regulatory,High,124800,Lost,0.0
C-4084,M-1951,Employment,Medium,35040,Lost,0.0
C-4085,M-2830,Employment,High,99360,Lost,0.0
C-4086,M-3975,Employment,High,119520,Settled,81104.99
C-4087,M-3484,Regulatory,High,191040,Settled,76787.07
C-4088,M-2509,Commercial,Low,40440,Lost,0.0
C-4089,M-1527,IP,Medium,47040,Lost,0.0
C-4090,M-3859,Employment,High,62400,Won,0.0
C-4091,M-2064,Regulatory,Medium,52080,Settled,22354.14
C-4092,M-1600,Commercial,Low,39960,Lost,0.0
C-4093,M-1350,Employment,Medium,68640,Lost,0.0
C-4094,M-1420,IP,Medium,66960,Won,0.0
C-4095,M-3614,Regulatory,High,135840,Won,0.0
C-4096,M-1452,Regulatory,Medium,28560,Settled,11365.46
C-4097,M-2137,IP,Medium,91680,Lost,0.0
C-4098,M-1221,Commercial,Medium,43920,Won,0.0
C-4099,M-3179,Employment,Low,24600,Won,0.0
C-4100,M-2397,Employment,High,68640,Settled,26132.97
C-4101,M-1224,Regulatory,Low,25080,Settled,9405.38
C-4102,M-3835,IP,High,148800,Settled,101669.31
C-4103,M-2316,IP,High,150240,Won,0.0
C-4104,M-3462,Employment,High,140640,Won,0.0
C-4105,M-2481,Commercial,Low,38760,Lost,0.0
C-4106,M-2593,Regulatory,Medium,66480,Lost,0.0
C-4107,M-2758,Employment,Medium,32400,Settled,16419.86
C-4108,M-2166,Regulatory,Low,24840,Settled,13785.02
C-4109,M-3130,Employment,High,84000,Settled,56278.88
C-4110,M-1113,Regulatory,High,180000,Lost,0.0
C-4111,M-3256,IP,High,149760,Won,0.0
C-4112,M-3673,Employment,High,84480,Won,0.0
C-4113,M-3486,Commercial,Low,24600,Lost,0.0
C-4114,M-3319,Employment,Low,35880,Settled,23561.85
C-4115,M-2058,Commercial,Low,22440,Lost,0.0
C-4116,M-2733,Employment,Low,17040,Settled,6509.23
C-4117,M-2274,Regulatory,Medium,50640,Lost,0.0
C-4118,M-2301,Regulatory,Medium,63840,Won,0.0
C-4119,M-3179,Regulatory,Medium,36960,Won,0.0
C-4120,M-2621,IP,High,50400,Settled,24360.03
C-4121,M-2531,Employment,High,108960,Lost,0.0
C-4122,M-2125,Commercial,Medium,37920,Lost,0.0
C-4123,M-3803,IP,Low,18720,Lost,0.0
C-4124,M-2421,Employment,High,116640,Settled,42013.1
C-4125,M-2862,IP,Medium,83520,Lost,0.0
C-4126,M-1730,Regulatory,High,136800,Won,0.0
C-4127,M-2251,Regulatory,High,132960,Won,0.0
C-4128,M-1614,IP,High,160320,Lost,0.0
C-4129,M-1861,IP,High,69120,Settled,47592.45
C-4130,M-3573,Regulatory,Medium,93360,Settled,59105.75
C-4131,M-1333,Regulatory,High,147840,Won,0.0
C-4132,M-3364,IP,Medium,66000,Settled,43052.07
C-4133,M-2603,Employment,Low,19320,Won,0.0
C-4134,M-3116,Employment,High,150240,Settled,99991.3
C-4135,M-2502,IP,High,104640,Lost,0.0
C-4136,M-3718,Regulatory,Low,34560,Won,0.0
C-4137,M-3300,Regulatory,Low,19680,Lost,0.0
C-4138,M-1647,Regulatory,High,131520,Settled,60265.88
C-4139,M-2753,Regulatory,High,157920,Settled,109450.25
C-4140,M-2629,Regulatory,High,145440,Settled,51769.64
C-4141,M-2229,IP,High,174720,Won,0.0
C-4142,M-2217,IP,Medium,53280,Settled,32461.62
C-4143,M-2302,Employment,Low,21960,Lost,0.0
C-4144,M-3492,IP,Medium,54240,Won,0.0
C-4145,M-2922,Employment,High,90720,Won,0.0
C-4146,M-2633,Commercial,Low,37680,Lost,0.0
C-4147,M-2621,IP,Low,22200,Lost,0.0
C-4148,M-1010,IP,Medium,77280,Lost,0.0
C-4149,M-2739,Commercial,High,57600,Lost,0.0
C-4150,M-1768,Commercial,Medium,84240,Settled,30252.37
C-4151,M-2617,Commercial,High,153600,Settled,69964.33
C-4152,M-3695,IP,High,131040,Won,0.0
C-4153,M-2574,Commercial,High,71520,Settled,39304.54
C-4154,M-1635,Employment,Low,19080,Settled,6628.24
C-4155,M-3316,Commercial,High,76320,Lost,0.0
C-4156,M-3859,Regulatory,High,116160,Settled,37178.18
C-4157,M-2512,Employment,Low,40920,Won,0.0
C-4158,M-2550,IP,Low,27960,Settled,15536.21
C-4159,M-2677,Employment,Medium,42000,Lost,0.0
C-4160,M-2193,Commercial,High,104160,Settled,66454.58
C-4161,M-2749,Commercial,Low,19920,Settled,12684.89
C-4162,M-2372,Regulatory,Low,25080,Lost,0.0
C-4163,M-3093,Commercial,Medium,25920,Lost,0.0
C-4164,M-2229,Employment,Medium,88560,Won,0.0
C-4165,M-3821,Employment,Low,39960,Lost,0.0
C-4166,M-1882,IP,Low,14640,Won,0.0
C-4167,M-2351,IP,High,105600,Won,0.0
C-4168,M-3924,Regulatory,High,162720,Lost,0.0
C-4169,M-3949,Regulatory,Low,42480,Lost,0.0
C-4170,M-3825,Regulatory,Low,41160,Settled,18996.51
C-4171,M-3227,Regulatory,High,88800,Lost,0.0
C-4172,M-2018,Employment,Low,35640,Lost,0.0
C-4173,M-2203,Regulatory,High,140160,Won,0.0
C-4174,M-3913,Commercial,High,48960,Settled,15719.29
C-4175,M-1861,Regulatory,High,167520,Lost,0.0
C-4176,M-3574,Employment,High,112800,Lost,0.0
C-4177,M-1125,Employment,High,95520,Settled,52544.53
C-4178,M-1834,Regulatory,Medium,29280,Lost,0.0
C-4179,M-1676,Employment,High,168000,Lost,0.0
C-4180,M-2718,IP,High,63840,Won,0.0
C-4181,M-2699,Regulatory,High,130560,Won,0.0
C-4182,M-2183,Commercial,Medium,34320,Settled,22652.49
C-4183,M-1398,IP,Low,23640,Won,0.0
C-4184,M-2795,Commercial,Low,29880,Lost,0.0
C-4185,M-2073,Commercial,Medium,39600,Lost,0.0
C-4186,M-1423,Regulatory,Medium,65520,Settled,41418.42
C-4187,M-2737,Regulatory,Low,18720,Settled,12203.19
C-4188,M-3871,Commercial,Low,30000,Lost,0.0
C-4189,M-2414,Regulatory,Low,19320,Lost,0.0
C-4190,M-3679,IP,Medium,44400,Lost,0.0
C-4191,M-1824,IP,Low,33000,Settled,19820.44
C-4192,M-1783,Commercial,Medium,48240,Won,0.0
C-4193,M-2848,Employment,Low,17400,Lost,0.0
C-4194,M-3059,Regulatory,Low,33840,Settled,18280.1
C-4195,M-1587,Commercial,Low,24360,Lost,0.0
C-4196,M-2514,Commercial,Low,42720,Lost,0.0
C-4197,M-3149,Employment,Medium,66480,Settled,46242.63
C-4198,M-2029,Regulatory,High,134400,Lost,0.0
C-4199,M-3903,Employment,Low,24480,Won,0.0
C-4200,M-3552,Employment,High,167040,Won,0.0
C-4201,M-1655,Commercial,Low,44160,Won,0.0
C-4202,M-1150,IP,High,177120,Won,0.0
C-4203,M-3731,Regulatory,Low,27600,Lost,0.0
C-4204,M-3742,Commercial,High,107520,Settled,69624.01
C-4205,M-2005,Commercial,Medium,60240,Won,0.0
C-4206,M-3245,Commercial,High,181440,Won,0.0
C-4207,M-1733,Commercial,Low,33000,Settled,20784.48
C-4208,M-2720,Regulatory,Medium,69360,Lost,0.0
C-4209,M-1478,IP,Medium,67680,Won,0.0
C-4210,M-3642,Regulatory,Low,37920,Lost,0.0
C-4211,M-2112,Commercial,Low,23760,Won,0.0
C-4212,M-3727,Regulatory,High,81600,Won,0.0
C-4213,M-2341,Employment,Medium,77280,Settled,45275.53
C-4214,M-3489,Employment,High,74880,Settled,48056.78
C-4215,M-1858,Regulatory,High,134400,Settled,60727.31
C-4216,M-2490,Employment,Medium,86640,Settled,60321.15
C-4217,M-1130,Commercial,Medium,54960,Lost,0.0
C-4218,M-1123,Regulatory,Low,22440,Settled,9944.65
C-4219,M-3565,IP,High,131040,Lost,0.0
C-4220,M-2170,IP,High,126240,Lost,0.0
C-4221,M-3480,Commercial,High,91680,Settled,48775.54
C-4222,M-3579,IP,High,93600,Won,0.0
C-4223,M-3718,IP,Medium,57360,Won,0.0
C-4224,M-1624,Commercial,Medium,26640,Lost,0.0
C-4225,M-3466,Regulatory,Low,44880,Settled,28206.37
C-4226,M-2574,IP,Low,41640,Settled,18209.15
C-4227,M-3018,Regulatory,Low,41400,Lost,0.0
C-4228,M-2951,Commercial,High,104640,Settled,42795.17
C-4229,M-1091,Employment,High,164160,Lost,0.0
C-4230,M-1504,IP,Medium,31920,Won,0.0
C-4231,M-3950,Regulatory,High,157440,Settled,69782.12
C-4232,M-3411,Regulatory,Low,23760,Lost,0.0
C-4233,M-2639,Regulatory,Medium,62160,Settled,31251.81
C-4234,M-3044,IP,Medium,73680,Lost,0.0
C-4235,M-3477,IP,Low,19200,Lost,0.0
C-4236,M-2207,Commercial,Medium,28800,Lost,0.0
C-4237,M-1018,Commercial,Low,46560,Lost,0.0
C-4238,M-1966,Commercial,Medium,53280,Settled,31726.09
C-4239,M-3067,Regulatory,Low,38160,Lost,0.0
C-4240,M-2715,IP,High,124800,Lost,0.0
C-4241,M-2027,IP,Low,39720,Won,0.0
C-4242,M-1150,Commercial,Medium,37920,Settled,17259.9
C-4243,M-2930,Employment,Low,20640,Lost,0.0
C-4244,M-1994,Regulatory,Low,20160,Won,0.0
C-4245,M-2770,Employment,Medium,95280,Won,0.0
C-4246,M-2294,Regulatory,High,134880,Lost,0.0
C-4247,M-3433,Employment,High,74400,Lost,0.0
C-4248,M-3008,IP,Medium,43680,Lost,0.0
C-4249,M-3937,Commercial,High,105120,Won,0.0
C-4250,M-2035,Commercial,Low,27480,Lost,0.0
C-4251,M-1704,IP,Low,33840,Won,0.0
C-4252,M-3444,Commercial,High,183360,Lost,0.0
C-4253,M-2443,IP,High,157440,Lost,0.0
C-4254,M-3876,Commercial,Medium,90720,Won,0.0
C-4255,M-1077,Commercial,High,125280,Lost,0.0
C-4256,M-2776,Employment,Medium,87840,Lost,0.0
C-4257,M-2817,IP,Low,20160,Settled,12116.04
C-4258,M-1895,IP,Low,39960,Lost,0.0
C-4259,M-1078,Employment,Medium,34800,Settled,18352.07
C-4260,M-2203,Regulatory,Low,21120,Settled,7478.46
C-4261,M-2441,IP,Medium,57360,Lost,0.0
C-4262,M-3373,Commercial,High,131040,Lost,0.0
C-4263,M-2098,Regulatory,High,77760,Settled,38906.45
C-4264,M-2257,Regulatory,Low,21480,Won,0.0
C-4265,M-3946,Commercial,Low,38160,Won,0.0
C-4266,M-1059,IP,Low,21960,Lost,0.0
C-4267,M-1846,Employment,Medium,70800,Settled,30079.81
C-4268,M-3944,IP,High,57600,Lost,0.0
C-4269,M-1515,IP,Medium,76800,Won,0.0
C-4270,M-1852,Regulatory,High,71040,Won,0.0
C-4271,M-3085,Employment,Low,31920,Lost,0.0
C-4272,M-3690,Employment,High,52800,Lost,0.0
C-4273,M-2004,Employment,Medium,41760,Settled,14432.97
C-4274,M-1040,IP,Low,13200,Won,0.0
C-4275,M-3854,Commercial,Low,20280,Settled,11960.23
C-4276,M-2713,IP,Medium,44160,Lost,0.0
C-4277,M-1380,Commercial,Medium,40080,Settled,20944.3
C-4278,M-2496,IP,Medium,36240,Settled,15207.82
C-4279,M-1505,Employment,Medium,37440,Settled,11470.25
C-4280,M-2067,Commercial,Medium,51120,Lost,0.0
C-4281,M-1260,Employment,Medium,34800,Settled,14413.98
C-4282,M-1844,Regulatory,Low,26640,Lost,0.0
C-4283,M-2760,Regulatory,High,181920,Won,0.0
C-4284,M-2812,Regulatory,High,173280,Settled,52113.17
C-4285,M-1331,Commercial,Medium,92160,Won,0.0
C-4286,M-2177,IP,Medium,60480,Settled,29166.69
C-4287,M-3309,IP,Low,36600,Settled,15423.43
C-4288,M-2288,IP,High,128160,Won,0.0
C-4289,M-1753,Regulatory,Medium,69360,Won,0.0
C-4290,M-2076,Regulatory,Low,18600,Settled,11460.62
C-4291,M-3751,Commercial,Medium,44400,Won,0.0
C-4292,M-1729,Regulatory,Medium,73920,Won,0.0
C-4293,M-2500,IP,Medium,61440,Settled,36651.63
C-4294,M-3317,Commercial,Medium,50640,Lost,0.0
C-4295,M-1408,Regulatory,High,150720,Lost,0.0
C-4296,M-1988,IP,Medium,72720,Settled,45592.21
C-4297,M-2981,IP,High,118560,Lost,0.0
C-4298,M-2209,IP,Low,36240,Lost,0.0
C-4299,M-2445,Employment,High,100800,Won,0.0
C-4300,M-1717,Commercial,Medium,26160,Settled,15505.3
C-4301,M-2354,Employment,High,74400,Won,0.0
C-4302,M-3117,Commercial,Low,44760,Lost,0.0
C-4303,M-3622,Commercial,Medium,42960,Won,0.0
C-4304,M-3604,Regulatory,Low,15360,Settled,5434.78
C-4305,M-2396,Employment,High,155520,Settled,53105.62
C-4306,M-2142,Commercial,Low,37560,Settled,17991.09
C-4307,M-2392,IP,High,60960,Settled,22415.25
C-4308,M-2432,IP,High,97440,Lost,0.0
C-4309,M-2493,Regulatory,High,95040,Won,0.0
C-4310,M-3026,Commercial,Medium,75840,Won,0.0
C-4311,M-3701,Commercial,Medium,58320,Lost,0.0
C-4312,M-1316,Regulatory,Medium,65520,Lost,0.0
C-4313,M-1329,IP,Low,40200,Won,0.0
C-4314,M-1505,Commercial,High,148320,Settled,96328.84
C-4315,M-2067,Regulatory,Low,28440,Won,0.0
C-4316,M-3842,Regulatory,High,51360,Lost,0.0
C-4317,M-1875,IP,High,184800,Lost,0.0
C-4318,M-1507,Regulatory,High,86880,Settled,36714.48
C-4319,M-1817,Regulatory,Low,26280,Settled,17086.75
C-4320,M-3013,Commercial,High,125760,Lost,0.0
C-4321,M-2808,Regulatory,High,54240,Lost,0.0
C-4322,M-2068,IP,Low,25440,Lost,0.0
C-4323,M-2777,Regulatory,Medium,60960,Won,0.0
C-4324,M-2780,Regulatory,Low,22200,Lost,0.0
C-4325,M-3636,IP,High,60960,Won,0.0
C-4326,M-1032,IP,High,127680,Lost,0.0
C-4327,M-3350,Employment,Medium,95040,Lost,0.0
C-4328,M-3428,IP,High,96960,Lost,0.0
C-4329,M-2075,Regulatory,Low,47760,Lost,0.0
C-4330,M-3606,Regulatory,Medium,74640,Settled,32107.27
C-4331,M-2343,Employment,Medium,91680,Won,0.0
C-4332,M-2428,Employment,Medium,31920,Lost,0.0
C-4333,M-2160,IP,Low,24360,Won,0.0
C-4334,M-2483,IP,High,133440,Settled,57729.29
C-4335,M-3747,Regulatory,Medium,72000,Lost,0.0
C-4336,M-1104,Employment,High,151200,Settled,101889.92
C-4337,M-1350,Commercial,Low,42720,Lost,0.0
C-4338,M-3928,Regulatory,Low,33480,Lost,0.0
C-4339,M-3090,IP,High,180960,Settled,67692.31
C-4340,M-1492,Regulatory,High,75360,Lost,0.0
C-4341,M-2403,Commercial,Medium,27840,Won,0.0
C-4342,M-1307,Commercial,Medium,43440,Settled,29583.3
C-4343,M-3366,IP,Low,33120,Lost,0.0
C-4344,M-3310,Regulatory,High,77280,Settled,25331.78
C-4345,M-1755,Employment,Low,23520,Won,0.0
C-4346,M-2312,Employment,Low,33720,Won,0.0
C-4347,M-3450,IP,High,107040,Won,0.0
C-4348,M-2193,Regulatory,High,174720,Lost,0.0
C-4349,M-2587,Employment,High,68640,Settled,26710.81
C-4350,M-1183,IP,Low,27720,Settled,12948.49
C-4351,M-1891,Regulatory,Medium,78240,Settled,25205.31
C-4352,M-1681,Commercial,Low,19440,Won,0.0
C-4353,M-3585,Regulatory,Medium,65760,Lost,0.0
C-4354,M-3331,Commercial,Low,45120,Settled,14767.16
C-4355,M-1772,Employment,Low,18000,Won,0.0
C-4356,M-2819,Regulatory,Low,40800,Lost,0.0
C-4357,M-2737,IP,Medium,57840,Lost,0.0
C-4358,M-1362,Commercial,Medium,64800,Lost,0.0
C-4359,M-3041,Regulatory,Medium,37920,Won,0.0
C-4360,M-1250,Regulatory,High,159840,Settled,110504.27
C-4361,M-3374,IP,Medium,41760,Lost,0.0
C-4362,M-3994,Commercial,Medium,90720,Won,0.0
C-4363,M-3479,Regulatory,High,155040,Settled,77680.27
C-4364,M-2602,Employment,High,157440,Lost,0.0
C-4365,M-1565,Commercial,Low,12120,Won,0.0
C-4366,M-2129,Employment,Low,25200,Lost,0.0
C-4367,M-2454,IP,Low,27840,Settled,14742.74
C-4368,M-3587,Regulatory,Low,35280,Won,0.0
C-4369,M-2851,IP,Low,19920,Lost,0.0
C-4370,M-2127,Regulatory,Low,35640,Settled,21945.33
C-4371,M-2736,Employment,High,87840,Lost,0.0
C-4372,M-1277,IP,Low,37800,Won,0.0
C-4373,M-1701,IP,Medium,30720,Lost,0.0
C-4374,M-1876,Commercial,Low,43080,Won,0.0
C-4375,M-2978,Regulatory,Low,46080,Won,0.0
C-4376,M-2703,Commercial,Low,43440,Lost,0.0
C-4377,M-1021,IP,Medium,57360,Won,0.0
C-4378,M-1678,IP,Low,21000,Won,0.0
C-4379,M-3563,Regulatory,High,138720,Lost,0.0
C-4380,M-1214,IP,High,78240,Lost,0.0
C-4381,M-1878,Regulatory,Medium,67680,Lost,0.0
C-4382,M-3853,Regulatory,High,182400,Settled,107658.48
C-4383,M-2359,Commercial,Low,18960,Lost,0.0
C-4384,M-2299,Commercial,Low,42120,Won,0.0
C-4385,M-1790,Regulatory,Medium,38880,Won,0.0
C-4386,M-2982,IP,High,68640,Settled,25509.98
C-4387,M-3407,IP,Low,18840,Settled,10103.3
C-4388,M-1895,IP,Medium,41280,Won,0.0
C-4389,M-2490,IP,High,83520,Settled,42110.19
C-4390,M-3145,Commercial,Medium,50880,Lost,0.0
C-4391,M-2775,Employment,Low,38760,Won,0.0
C-4392,M-1573,Regulatory,Medium,46800,Settled,21013.94
C-4393,M-3735,IP,Medium,71760,Lost,0.0
C-4394,M-1116,IP,Low,42840,Lost,0.0
C-4395,M-1191,Regulatory,High,161280,Lost,0.0
C-4396,M-2164,Employment,Low,42360,Won,0.0
C-4397,M-1583,Regulatory,Low,16080,Settled,8165.3
C-4398,M-2216,Regulatory,Low,28080,Lost,0.0
C-4399,M-1642,Commercial,Medium,82320,Won,0.0
C-4400,M-2698,Commercial,Medium,87120,Settled,41125.7
C-4401,M-3270,Regulatory,Medium,46080,Won,0.0
C-4402,M-1270,Commercial,High,187200,Lost,0.0
C-4403,M-1194,Regulatory,Low,40920,Settled,26148.56
C-4404,M-2489,IP,Low,12240,Settled,6868.79
C-4405,M-3719,IP,High,156480,Lost,0.0
C-4406,M-3783,Employment,Low,13440,Won,0.0
C-4407,M-1062,Regulatory,Medium,62400,Won,0.0
C-4408,M-3883,Employment,Medium,49920,Lost,0.0
C-4409,M-1555,Regulatory,Medium,56400,Lost,0.0
C-4410,M-1620,Employment,Medium,64560,Settled,19822.71
C-4411,M-1450,Regulatory,Low,34680,Won,0.0
C-4412,M-3826,IP,High,150720,Settled,90949.07
C-4413,M-2295,IP,High,188160,Won,0.0
C-4414,M-2006,Commercial,Low,20640,Settled,12675.2
C-4415,M-3026,IP,Low,17040,Won,0.0
C-4416,M-1486,IP,Medium,69840,Lost,0.0
C-4417,M-3495,Commercial,High,125280,Lost,0.0
C-4418,M-1865,Commercial,High,58080,Settled,24503.09
C-4419,M-2298,IP,Medium,54240,Won,0.0
C-4420,M-1732,IP,High,94560,Settled,39682.86
C-4421,M-1111,Employment,Low,18840,Won,0.0
C-4422,M-2506,Commercial,Medium,64800,Lost,0.0
C-4423,M-2296,IP,Medium,61920,Lost,0.0
C-4424,M-2143,Employment,Low,22800,Settled,7177.09
C-4425,M-1160,IP,Medium,44400,Lost,0.0
C-4426,M-2703,Employment,Low,19440,Lost,0.0
C-4427,M-1009,Regulatory,Medium,48960,Lost,0.0
C-4428,M-1746,Regulatory,Medium,25200,Lost,0.0
C-4429,M-3145,Commercial,Low,42480,Settled,12805.89
C-4430,M-1253,Employment,Medium,32160,Lost,0.0
C-4431,M-2150,Commercial,Low,27840,Settled,16471.26
C-4432,M-3135,Regulatory,Low,42840,Won,0.0
C-4433,M-2348,Regulatory,Low,22200,Won,0.0
C-4434,M-3075,Regulatory,High,71040,Settled,38625.95
C-4435,M-2080,Regulatory,Low,15600,Lost,0.0
C-4436,M-2396,Employment,Medium,78720,Won,0.0
C-4437,M-2100,Regulatory,High,84000,Won,0.0
C-4438,M-1622,Regulatory,Medium,78240,Settled,43871.18
C-4439,M-1738,Commercial,High,108000,Settled,35915.13
C-4440,M-2901,Regulatory,High,81600,Won,0.0
C-4441,M-3939,IP,Low,38640,Won,0.0
C-4442,M-2406,IP,Medium,81120,Lost,0.0
C-4443,M-1094,Regulatory,High,126240,Lost,0.0
C-4444,M-3855,Commercial,Low,40200,Settled,22800.74
C-4445,M-2738,Commercial,High,94560,Settled,59255.84
C-4446,M-1416,Regulatory,Low,18720,Settled,12982.55
C-4447,M-3165,Regulatory,Low,39960,Settled,16353.48
C-4448,M-1451,IP,High,106560,Won,0.0
C-4449,M-3724,Regulatory,High,179520,Settled,101171.96
C-4450,M-1945,Employment,Medium,58560,Won,0.0
C-4451,M-2097,Regulatory,Medium,83520,Settled,56194.07
C-4452,M-1137,IP,Medium,48000,Settled,20301.25
C-4453,M-1693,Regulatory,High,164160,Lost,0.0
C-4454,M-3783,Employment,Medium,26160,Lost,0.0
C-4455,M-1709,Regulatory,Low,43320,Lost,0.0
C-4456,M-2291,Employment,Low,25440,Lost,0.0
C-4457,M-3184,Commercial,High,185280,Settled,70693.05
C-4458,M-3650,Commercial,Medium,53760,Lost,0.0
C-4459,M-1060,Commercial,Medium,44640,Won,0.0
C-4460,M-3362,Employment,High,132000,Lost,0.0
C-4461,M-3559,Employment,Low,29880,Lost,0.0
C-4462,M-3445,Commercial,High,49440,Lost,0.0
C-4463,M-2969,Commercial,High,80640,Settled,50941.12
C-4464,M-2964,Commercial,High,107040,Settled,73539.68
C-4465,M-1478,Employment,Medium,32880,Lost,0.0
C-4466,M-1287,Regulatory,High,156000,Won,0.0
C-4467,M-2250,Commercial,High,142560,Settled,82711.82
C-4468,M-3843,Employment,Low,20040,Settled,6024.85
C-4469,M-3999,IP,High,144000,Settled,61775.1
C-4470,M-2572,IP,Low,38040,Settled,20320.48
C-4471,M-2640,Regulatory,Low,36720,Won,0.0
C-4472,M-3972,Commercial,Low,41280,Lost,0.0
C-4473,M-3415,Commercial,Low,27480,Lost,0.0
C-4474,M-3399,Commercial,Medium,56640,Won,0.0
C-4475,M-3757,Regulatory,High,180960,Won,0.0
C-4476,M-1048,Regulatory,Low,22080,Settled,10433.73
C-4477,M-1225,IP,Low,35760,Won,0.0
C-4478,M-3508,IP,Low,14040,Won,0.0
C-4479,M-1993,Employment,Medium,26640,Settled,15455.31
C-4480,M-1327,Regulatory,Low,22920,Settled,11554.93
C-4481,M-2022,IP,Low,14760,Won,0.0
C-4482,M-3789,Regulatory,Low,45240,Won,0.0
C-4483,M-2819,Employment,Low,25440,Won,0.0
C-4484,M-1156,Employment,Low,38040,Won,0.0
C-4485,M-2612,Employment,High,135840,Won,0.0
C-4486,M-2460,IP,High,180000,Settled,91867.42
C-4487,M-1673,Employment,Medium,58800,Won,0.0
C-4488,M-1231,Employment,Medium,78720,Won,0.0
C-4489,M-3710,IP,Medium,51360,Lost,0.0
C-4490,M-3415,Regulatory,Medium,74880,Lost,0.0
C-4491,M-3454,Commercial,High,120000,Won,0.0
C-4492,M-1501,Commercial,Low,21360,Settled,12617.9
C-4493,M-1157,Regulatory,High,181440,Won,0.0
C-4494,M-2871,Employment,Low,42360,Lost,0.0
C-4495,M-2683,Commercial,Medium,56400,Settled,33284.78
C-4496,M-1717,Regulatory,Low,31800,Lost,0.0
C-4497,M-2724,Regulatory,Low,36720,Lost,0.0
C-4498,M-1389,Employment,Low,12120,Lost,0.0
C-4499,M-2864,IP,Medium,24240,Won,0.0
